portid,rank,portname,country,region,lon,lat,year,total_area_km2,area_change_from_2017_km2,cumulative_seaward_gain_km2,cumulative_seaward_loss_km2,cumulative_seaward_net_change_km2,cumulative_landward_gain_km2,cumulative_landward_loss_km2,cumulative_landward_net_change_km2,annual_gain_km2,annual_loss_km2,annual_net_change_km2,annual_seaward_net_change_km2,annual_landward_net_change_km2,imputed_from_previous_year,original_mask_year
port1201,1,Singapore,Singapore,Southeast Asia,103.707482,1.271989,2017,38.727917,0.000000,0.000000,0.000000,0.000000,0.000000,0.000000,0.000000,0.000000,0.000000,0.000000,0.000000,0.000000,False,2017
port1201,1,Singapore,Singapore,Southeast Asia,103.707482,1.271989,2018,38.603637,-0.124280,0.464450,0.000000,0.464450,0.180299,0.769029,-0.588730,0.644749,0.769029,-0.124280,0.464450,-0.588730,False,2018
port1201,1,Singapore,Singapore,Southeast Asia,103.707482,1.271989,2019,41.447690,2.719773,2.190174,0.000000,2.190174,2.078484,1.548885,0.529598,3.623909,0.779856,2.844052,1.725724,1.118328,False,2019
port1201,1,Singapore,Singapore,Southeast Asia,103.707482,1.271989,2020,42.688117,3.960200,3.045196,0.000000,3.045196,3.039330,2.124327,0.915003,1.815968,0.575541,1.240427,0.855022,0.385405,False,2020
port1201,1,Singapore,Singapore,Southeast Asia,103.707482,1.271989,2021,43.214098,4.486181,3.149934,0.000000,3.149934,3.962637,2.626390,1.336247,1.090198,0.564216,0.525982,0.104737,0.421244,False,2021
port1201,1,Singapore,Singapore,Southeast Asia,103.707482,1.271989,2022,44.445519,5.717602,3.963472,0.000000,3.963472,4.535992,2.781862,1.754130,1.391063,0.159642,1.231421,0.813538,0.417882,False,2022
port1201,1,Singapore,Singapore,Southeast Asia,103.707482,1.271989,2023,44.612017,5.884100,4.185377,0.000000,4.185377,4.829763,3.131040,1.698723,0.670160,0.503662,0.166498,0.221905,-0.055406,False,2023
port1201,1,Singapore,Singapore,Southeast Asia,103.707482,1.271989,2024,46.549942,7.822025,5.368655,0.000000,5.368655,5.583218,3.129848,2.453369,1.943683,0.005758,1.937925,1.183279,0.754646,False,2024
port1201,1,Singapore,Singapore,Southeast Asia,103.707482,1.271989,2025,46.620035,7.892118,5.368655,0.000000,5.368655,5.651822,3.128359,2.523463,0.070093,0.000000,0.070093,0.000000,0.070093,False,2025
port824,2,Ningbo,China,China,121.881841,29.920769,2017,38.430784,0.000000,0.000000,0.000000,0.000000,0.000000,0.000000,0.000000,0.000000,0.000000,0.000000,0.000000,0.000000,False,2017
port824,2,Ningbo,China,China,121.881841,29.920769,2018,39.185490,0.754707,0.149534,0.000000,0.149534,0.790387,0.185214,0.605173,0.939921,0.185214,0.754707,0.149534,0.605173,False,2018
port824,2,Ningbo,China,China,121.881841,29.920769,2019,41.274772,2.843988,0.366408,0.001048,0.365360,2.932208,0.453581,2.478627,2.358695,0.269414,2.089281,0.215827,1.873454,False,2019
port824,2,Ningbo,China,China,121.881841,29.920769,2020,43.465193,5.034409,0.666772,0.015021,0.651751,5.168784,0.786126,4.382658,2.538590,0.348169,2.190421,0.286390,1.904031,False,2020
port824,2,Ningbo,China,China,121.881841,29.920769,2021,45.345766,6.914982,0.975132,0.015021,0.960112,7.266578,1.311707,5.954871,2.481130,0.600556,1.880573,0.308361,1.572212,False,2021
port824,2,Ningbo,China,China,121.881841,29.920769,2022,46.316511,7.885727,1.281417,0.015021,1.266396,7.992706,1.373374,6.619331,1.043203,0.072458,0.970745,0.306285,0.664460,False,2022
port824,2,Ningbo,China,China,121.881841,29.920769,2023,47.742301,9.311518,2.016462,0.015021,2.001442,8.700741,1.390665,7.310076,1.443231,0.017441,1.425790,0.735046,0.690745,False,2023
port824,2,Ningbo,China,China,121.881841,29.920769,2024,49.391209,10.960425,2.062290,0.015021,2.047269,10.303447,1.390291,8.913156,1.648908,0.000000,1.648908,0.045827,1.603080,False,2024
port824,2,Ningbo,China,China,121.881841,29.920769,2025,49.869077,11.438293,2.065065,0.015021,2.050045,10.778539,1.390291,9.388248,0.477868,0.000000,0.477868,0.002776,0.475092,False,2025
port1188,3,Shanghai (Pudong),China,China,121.644197,31.191795,2017,54.599862,0.000000,0.000000,0.000000,0.000000,0.000000,0.000000,0.000000,0.000000,0.000000,0.000000,0.000000,0.000000,False,2017
port1188,3,Shanghai (Pudong),China,China,121.644197,31.191795,2018,56.551790,1.951929,0.021570,0.000000,0.021570,2.364214,0.433856,1.930359,2.385784,0.433856,1.951929,0.021570,1.930359,False,2018
port1188,3,Shanghai (Pudong),China,China,121.644197,31.191795,2019,59.893021,5.293159,0.026443,0.000000,0.026443,5.844922,0.578206,5.266716,3.485581,0.144350,3.341231,0.004874,3.336357,False,2019
port1188,3,Shanghai (Pudong),China,China,121.644197,31.191795,2020,60.134124,5.534262,0.031897,0.000000,0.031897,6.315422,0.813056,5.502365,0.565013,0.323910,0.241103,0.005454,0.235649,False,2020
port1188,3,Shanghai (Pudong),China,China,121.644197,31.191795,2021,61.325309,6.725447,0.031897,0.000000,0.031897,7.972557,1.279008,6.693550,2.638124,1.446939,1.191185,0.000000,1.191185,False,2021
port1188,3,Shanghai (Pudong),China,China,121.644197,31.191795,2022,65.862645,11.262783,0.126642,0.000000,0.126642,12.461319,1.325178,11.136141,4.617755,0.080419,4.537336,0.094745,4.442592,False,2022
port1188,3,Shanghai (Pudong),China,China,121.644197,31.191795,2023,69.585773,14.985911,0.168524,0.000000,0.168524,16.712557,1.895169,14.817388,4.501688,0.778559,3.723128,0.041882,3.681246,False,2023
port1188,3,Shanghai (Pudong),China,China,121.644197,31.191795,2024,72.033590,17.433728,0.215841,0.000000,0.215841,19.844802,2.626915,17.217887,3.342508,0.894691,2.447817,0.047317,2.400499,False,2024
port1188,3,Shanghai (Pudong),China,China,121.644197,31.191795,2025,73.002227,18.402366,0.222730,0.000000,0.222730,20.806116,2.626480,18.179636,0.968638,0.000000,0.968638,0.006889,0.961749,False,2025
port955,4,Port Hedland,Australia,Oceania,118.564342,-20.330660,2017,11.154237,0.000000,0.000000,0.000000,0.000000,0.000000,0.000000,0.000000,0.000000,0.000000,0.000000,0.000000,0.000000,False,2017
port955,4,Port Hedland,Australia,Oceania,118.564342,-20.330660,2018,11.272742,0.118505,0.000000,0.000000,0.000000,0.127516,0.009011,0.118505,0.127516,0.009011,0.118505,0.000000,0.118505,False,2018
port955,4,Port Hedland,Australia,Oceania,118.564342,-20.330660,2019,11.185301,0.031063,0.037699,0.000000,0.037699,0.389242,0.395878,-0.006636,0.299425,0.386866,-0.087442,0.037699,-0.125141,False,2019
port955,4,Port Hedland,Australia,Oceania,118.564342,-20.330660,2020,10.952335,-0.201902,0.037699,0.000000,0.037699,0.386007,0.625608,-0.239601,0.000000,0.232966,-0.232966,0.000000,-0.232966,False,2020
port955,4,Port Hedland,Australia,Oceania,118.564342,-20.330660,2021,10.547946,-0.606291,0.037699,0.000000,0.037699,0.248015,0.892006,-0.643991,0.008484,0.412873,-0.404389,0.000000,-0.404389,False,2021
port955,4,Port Hedland,Australia,Oceania,118.564342,-20.330660,2022,9.932810,-1.221428,0.037699,0.000000,0.037699,0.154643,1.413770,-1.259127,0.006910,0.622046,-0.615136,0.000000,-0.615136,False,2022
port955,4,Port Hedland,Australia,Oceania,118.564342,-20.330660,2023,9.932810,-1.221428,0.037699,0.000000,0.037699,0.154643,1.413770,-1.259127,0.000000,0.000000,0.000000,0.000000,0.000000,False,2023
port955,4,Port Hedland,Australia,Oceania,118.564342,-20.330660,2024,11.121142,-0.033096,0.049597,0.000000,0.049597,0.722417,0.805109,-0.082693,1.188332,0.000000,1.188332,0.011898,1.176434,False,2024
port955,4,Port Hedland,Australia,Oceania,118.564342,-20.330660,2025,11.588916,0.434678,0.169050,0.000000,0.169050,0.831883,0.566255,0.265629,0.467774,0.000000,0.467774,0.119453,0.348321,False,2025
port1297,5,Tianjin Xin Gang,China,China,117.733615,38.939726,2017,59.431712,0.000000,0.000000,0.000000,0.000000,0.000000,0.000000,0.000000,0.000000,0.000000,0.000000,0.000000,0.000000,False,2017
port1297,5,Tianjin Xin Gang,China,China,117.733615,38.939726,2018,58.337701,-1.094011,0.123230,0.000000,0.123230,0.316985,1.534227,-1.217242,0.440215,1.534227,-1.094011,0.123230,-1.217242,False,2018
port1297,5,Tianjin Xin Gang,China,China,117.733615,38.939726,2019,57.682570,-1.749142,0.181495,0.000000,0.181495,1.033578,2.964215,-1.930636,0.775522,1.430652,-0.655130,0.058264,-0.713395,False,2019
port1297,5,Tianjin Xin Gang,China,China,117.733615,38.939726,2020,56.865647,-2.566065,0.249169,0.000000,0.249169,1.434781,4.250015,-2.815234,0.471112,1.288035,-0.816923,0.067674,-0.884597,False,2020
port1297,5,Tianjin Xin Gang,China,China,117.733615,38.939726,2021,55.216091,-4.215621,0.343822,0.000000,0.343822,1.702440,6.261883,-4.559443,0.376296,2.025852,-1.649556,0.094653,-1.744209,False,2021
port1297,5,Tianjin Xin Gang,China,China,117.733615,38.939726,2022,55.455217,-3.976495,0.518515,0.000000,0.518515,2.151724,6.646734,-4.495010,0.625124,0.385998,0.239126,0.174693,0.064433,False,2022
port1297,5,Tianjin Xin Gang,China,China,117.733615,38.939726,2023,55.000284,-4.431428,0.533486,0.000000,0.533486,2.310063,7.274977,-4.964914,0.271523,0.726456,-0.454933,0.014971,-0.469904,False,2023
port1297,5,Tianjin Xin Gang,China,China,117.733615,38.939726,2024,55.411982,-4.019730,0.576081,0.000000,0.576081,2.679950,7.275761,-4.595811,0.412965,0.001267,0.411698,0.042595,0.369103,False,2024
port1297,5,Tianjin Xin Gang,China,China,117.733615,38.939726,2025,56.355552,-3.076160,0.749392,0.000000,0.749392,3.416761,7.242313,-3.825552,0.943570,0.000000,0.943570,0.173311,0.770259,False,2025
port1069,6,Qingdao,China,China,120.222618,36.026779,2017,33.136201,0.000000,0.000000,0.000000,0.000000,0.000000,0.000000,0.000000,0.000000,0.000000,0.000000,0.000000,0.000000,False,2017
port1069,6,Qingdao,China,China,120.222618,36.026779,2018,33.489969,0.353767,0.168802,0.000000,0.168802,0.349169,0.164204,0.184965,0.517972,0.164204,0.353767,0.168802,0.184965,False,2018
port1069,6,Qingdao,China,China,120.222618,36.026779,2019,33.221409,0.085208,0.168933,0.000000,0.168933,0.477359,0.561084,-0.083725,0.133494,0.402054,-0.268560,0.000131,-0.268690,False,2019
port1069,6,Qingdao,China,China,120.222618,36.026779,2020,31.995127,-1.141074,0.122606,0.000000,0.122606,0.565454,1.829134,-1.263680,0.189070,1.415351,-1.226282,-0.046327,-1.179955,False,2020
port1069,6,Qingdao,China,China,120.222618,36.026779,2021,32.306698,-0.829503,0.007117,0.000000,0.007117,1.059355,1.895975,-0.836621,0.498609,0.187038,0.311571,-0.115488,0.427059,False,2021
port1069,6,Qingdao,China,China,120.222618,36.026779,2022,33.041514,-0.094687,0.182026,0.000000,0.182026,1.626626,1.903340,-0.276714,0.750130,0.015315,0.734816,0.174909,0.559907,False,2022
port1069,6,Qingdao,China,China,120.222618,36.026779,2023,33.041391,-0.094810,0.203550,0.000000,0.203550,1.631222,1.929583,-0.298361,0.130170,0.130293,-0.000123,0.021524,-0.021647,False,2023
port1069,6,Qingdao,China,China,120.222618,36.026779,2024,33.220986,0.084785,0.207598,0.000000,0.207598,1.805790,1.928603,-0.122814,0.189282,0.009686,0.179595,0.004048,0.175547,False,2024
port1069,6,Qingdao,China,China,120.222618,36.026779,2025,33.439391,0.303190,0.216808,0.000000,0.216808,2.014462,1.928080,0.086382,0.218405,0.000000,0.218405,0.009209,0.209196,False,2025
port1114,7,Rotterdam,The Netherlands,Europe,4.215145,51.922281,2017,57.228357,0.000000,0.000000,0.000000,0.000000,0.000000,0.000000,0.000000,0.000000,0.000000,0.000000,0.000000,0.000000,False,2017
port1114,7,Rotterdam,The Netherlands,Europe,4.215145,51.922281,2018,57.144271,-0.084086,0.006743,0.000000,0.006743,0.577052,0.667881,-0.090829,0.583795,0.667881,-0.084086,0.006743,-0.090829,False,2018
port1114,7,Rotterdam,The Netherlands,Europe,4.215145,51.922281,2019,57.030692,-0.197665,0.006134,0.000000,0.006134,0.754552,0.958350,-0.203799,0.178185,0.291763,-0.113579,-0.000609,-0.112970,False,2019
port1114,7,Rotterdam,The Netherlands,Europe,4.215145,51.922281,2020,57.639631,0.411274,0.006668,0.000000,0.006668,1.404393,0.999787,0.404606,0.659118,0.050179,0.608939,0.000534,0.608405,False,2020
port1114,7,Rotterdam,The Netherlands,Europe,4.215145,51.922281,2021,58.079936,0.851579,0.010025,0.000000,0.010025,1.834992,0.993438,0.841555,0.705133,0.264828,0.440305,0.003356,0.436948,False,2021
port1114,7,Rotterdam,The Netherlands,Europe,4.215145,51.922281,2022,59.412827,2.184471,0.127436,0.000000,0.127436,2.990044,0.933010,2.057034,1.374101,0.041210,1.332891,0.117412,1.215480,False,2022
port1114,7,Rotterdam,The Netherlands,Europe,4.215145,51.922281,2023,60.112173,2.883816,0.132582,0.000000,0.132582,3.696864,0.945630,2.751234,0.738237,0.038892,0.699346,0.005146,0.694200,False,2023
port1114,7,Rotterdam,The Netherlands,Europe,4.215145,51.922281,2024,60.632197,3.403840,0.135707,0.000000,0.135707,4.195023,0.926889,3.268133,0.531556,0.011532,0.520024,0.003125,0.516899,False,2024
port1114,7,Rotterdam,The Netherlands,Europe,4.215145,51.922281,2025,61.671067,4.442710,0.138106,0.000000,0.138106,5.228066,0.923462,4.304604,1.038870,0.000000,1.038870,0.002399,1.036471,False,2025
port425,8,Guangzhou (Nansha),China,China,113.483600,23.027541,2017,16.151188,0.000000,0.000000,0.000000,0.000000,0.000000,0.000000,0.000000,0.000000,0.000000,0.000000,0.000000,0.000000,False,2017
port425,8,Guangzhou (Nansha),China,China,113.483600,23.027541,2018,14.793884,-1.357304,0.000000,0.000000,0.000000,0.139496,1.496800,-1.357304,0.139496,1.496800,-1.357304,0.000000,-1.357304,False,2018
port425,8,Guangzhou (Nansha),China,China,113.483600,23.027541,2019,15.345383,-0.805805,0.057178,0.000000,0.057178,0.728756,1.591740,-0.862983,0.646439,0.094940,0.551499,0.057178,0.494321,False,2019
port425,8,Guangzhou (Nansha),China,China,113.483600,23.027541,2020,15.811083,-0.340105,0.082623,0.000000,0.082623,1.177573,1.600301,-0.422728,0.474431,0.008731,0.465700,0.025445,0.440255,False,2020
port425,8,Guangzhou (Nansha),China,China,113.483600,23.027541,2021,16.556343,0.405155,0.741854,0.000000,0.741854,1.270639,1.607337,-0.336699,0.764600,0.019340,0.745260,0.659231,0.086029,False,2021
port425,8,Guangzhou (Nansha),China,China,113.483600,23.027541,2022,17.906547,1.755359,1.212845,0.000000,1.212845,2.155861,1.613347,0.542514,1.364775,0.014571,1.350204,0.470991,0.879212,False,2022
port425,8,Guangzhou (Nansha),China,China,113.483600,23.027541,2023,19.711193,3.560006,1.981501,0.000000,1.981501,3.186767,1.608262,1.578505,1.804732,0.000085,1.804647,0.768656,1.035991,False,2023
port425,8,Guangzhou (Nansha),China,China,113.483600,23.027541,2024,21.036323,4.885135,2.337467,0.000000,2.337467,4.155336,1.607668,2.547668,1.337098,0.011968,1.325130,0.355966,0.969164,False,2024
port425,8,Guangzhou (Nansha),China,China,113.483600,23.027541,2025,21.423694,5.272506,2.337552,0.000000,2.337552,4.542284,1.607329,2.934955,0.387371,0.000000,0.387371,0.000085,0.387286,False,2025
port2027,9,Shanghai (Yangshan),China,China,122.074785,30.615086,2017,7.365748,0.000000,0.000000,0.000000,0.000000,0.000000,0.000000,0.000000,0.000000,0.000000,0.000000,0.000000,0.000000,False,2017
port2027,9,Shanghai (Yangshan),China,China,122.074785,30.615086,2018,7.589180,0.223433,0.000000,0.000000,0.000000,0.224687,0.001255,0.223433,0.224687,0.001255,0.223433,0.000000,0.223433,False,2018
port2027,9,Shanghai (Yangshan),China,China,122.074785,30.615086,2019,7.821549,0.455801,0.000000,0.000000,0.000000,0.474100,0.018298,0.455801,0.249412,0.017044,0.232369,0.000000,0.232369,False,2019
port2027,9,Shanghai (Yangshan),China,China,122.074785,30.615086,2020,7.839935,0.474188,0.000000,0.000000,0.000000,0.494479,0.020291,0.474188,0.020379,0.001993,0.018386,0.000000,0.018386,False,2020
port2027,9,Shanghai (Yangshan),China,China,122.074785,30.615086,2021,7.919880,0.554133,0.000000,0.000000,0.000000,0.577377,0.023244,0.554133,0.085258,0.005313,0.079945,0.000000,0.079945,False,2021
port2027,9,Shanghai (Yangshan),China,China,122.074785,30.615086,2022,8.424797,1.059049,0.000000,0.000000,0.000000,1.083769,0.024720,1.059049,0.506982,0.002066,0.504916,0.000000,0.504916,False,2022
port2027,9,Shanghai (Yangshan),China,China,122.074785,30.615086,2023,9.271368,1.905620,0.000443,0.000000,0.000443,1.929897,0.024720,1.905177,0.846571,0.000000,0.846571,0.000443,0.846128,False,2023
port2027,9,Shanghai (Yangshan),China,China,122.074785,30.615086,2024,9.342086,1.976338,0.000739,0.000000,0.000739,2.000319,0.024720,1.975599,0.070718,0.000000,0.070718,0.000295,0.070422,False,2024
port2027,9,Shanghai (Yangshan),China,China,122.074785,30.615086,2025,9.541546,2.175799,0.000739,0.000000,0.000739,2.199780,0.024720,2.175060,0.199460,0.000000,0.199460,0.000000,0.199460,False,2025
port57,10,Antwerp,Belgium,Europe,4.317802,51.279355,2017,49.356707,0.000000,0.000000,0.000000,0.000000,0.000000,0.000000,0.000000,0.000000,0.000000,0.000000,0.000000,0.000000,False,2017
port57,10,Antwerp,Belgium,Europe,4.317802,51.279355,2018,49.786450,0.429743,0.015833,0.000000,0.015833,0.515564,0.101653,0.413910,0.531396,0.101653,0.429743,0.015833,0.413910,False,2018
port57,10,Antwerp,Belgium,Europe,4.317802,51.279355,2019,50.104315,0.747608,0.035428,0.000000,0.035428,0.948538,0.236358,0.712180,0.452570,0.134705,0.317865,0.019595,0.298270,False,2019
port57,10,Antwerp,Belgium,Europe,4.317802,51.279355,2020,49.592750,0.236043,0.047419,0.000000,0.047419,1.365818,1.177194,0.188624,0.431584,0.943149,-0.511565,0.011991,-0.523556,False,2020
port57,10,Antwerp,Belgium,Europe,4.317802,51.279355,2021,49.711237,0.354530,0.060667,0.000000,0.060667,1.579586,1.285723,0.293863,0.247428,0.128941,0.118487,0.013248,0.105239,False,2021
port57,10,Antwerp,Belgium,Europe,4.317802,51.279355,2022,50.171017,0.814310,0.074703,0.000000,0.074703,2.047095,1.307488,0.739608,0.487349,0.027569,0.459780,0.014036,0.445745,False,2022
port57,10,Antwerp,Belgium,Europe,4.317802,51.279355,2023,50.398508,1.041801,0.090064,0.000000,0.090064,2.270366,1.318629,0.951737,0.257179,0.029688,0.227491,0.015361,0.212129,False,2023
port57,10,Antwerp,Belgium,Europe,4.317802,51.279355,2024,50.443676,1.086969,0.108719,0.000000,0.108719,2.294762,1.316511,0.978251,0.296205,0.251037,0.045168,0.018655,0.026514,False,2024
port57,10,Antwerp,Belgium,Europe,4.317802,51.279355,2025,50.714584,1.357877,0.115494,0.000000,0.115494,2.523391,1.281008,1.242383,0.270907,0.000000,0.270907,0.006775,0.264132,False,2025
port960,11,Port Klang,Malaysia,Southeast Asia,101.340306,2.972595,2017,21.477786,0.000000,0.000000,0.000000,0.000000,0.000000,0.000000,0.000000,0.000000,0.000000,0.000000,0.000000,0.000000,False,2017
port960,11,Port Klang,Malaysia,Southeast Asia,101.340306,2.972595,2018,22.621515,1.143729,0.025660,0.000000,0.025660,1.323038,0.204969,1.118069,1.348698,0.204969,1.143729,0.025660,1.118069,False,2018
port960,11,Port Klang,Malaysia,Southeast Asia,101.340306,2.972595,2019,23.348063,1.870277,0.027542,0.000000,0.027542,2.225221,0.382486,1.842735,0.904066,0.177517,0.726549,0.001882,0.724666,False,2019
port960,11,Port Klang,Malaysia,Southeast Asia,101.340306,2.972595,2020,23.428746,1.950960,0.023779,0.000000,0.023779,2.564257,0.637076,1.927181,0.617840,0.537158,0.080682,-0.003764,0.084446,False,2020
port960,11,Port Klang,Malaysia,Southeast Asia,101.340306,2.972595,2021,23.510419,2.032633,0.023779,0.000000,0.023779,2.872988,0.864133,2.008854,0.436613,0.354939,0.081673,0.000000,0.081673,False,2021
port960,11,Port Klang,Malaysia,Southeast Asia,101.340306,2.972595,2022,23.620972,2.143186,0.024076,0.000000,0.024076,3.065665,0.946555,2.119110,0.221209,0.110656,0.110553,0.000297,0.110256,False,2022
port960,11,Port Klang,Malaysia,Southeast Asia,101.340306,2.972595,2023,24.346023,2.868237,0.025760,0.000000,0.025760,3.788042,0.945565,2.842477,0.727231,0.002180,0.725051,0.001684,0.723366,False,2023
port960,11,Port Klang,Malaysia,Southeast Asia,101.340306,2.972595,2024,24.556823,3.079037,0.025958,0.000000,0.025958,3.998643,0.945565,3.053078,0.217337,0.006537,0.210800,0.000198,0.210602,False,2024
port960,11,Port Klang,Malaysia,Southeast Asia,101.340306,2.972595,2025,24.564650,3.086864,0.029723,0.000000,0.029723,4.002705,0.945565,3.057140,0.007827,0.000000,0.007827,0.003765,0.004062,False,2025
port1195,12,Shougang Jingtang,China,China,118.475493,39.006865,2017,44.826086,0.000000,0.000000,0.000000,0.000000,0.000000,0.000000,0.000000,0.000000,0.000000,0.000000,0.000000,0.000000,False,2017
port1195,12,Shougang Jingtang,China,China,118.475493,39.006865,2018,46.272297,1.446210,0.059976,0.000000,0.059976,2.317439,0.931205,1.386234,2.377415,0.931205,1.446210,0.059976,1.386234,False,2018
port1195,12,Shougang Jingtang,China,China,118.475493,39.006865,2019,46.902071,2.075985,0.073058,0.000000,0.073058,3.360489,1.357563,2.002926,1.056434,0.426660,0.629775,0.013082,0.616692,False,2019
port1195,12,Shougang Jingtang,China,China,118.475493,39.006865,2020,47.703304,2.877217,0.387071,0.000000,0.387071,4.592263,2.102117,2.490146,1.597394,0.796162,0.801232,0.314013,0.487219,False,2020
port1195,12,Shougang Jingtang,China,China,118.475493,39.006865,2021,49.757908,4.931821,1.037798,0.000000,1.037798,6.103036,2.209013,3.894023,2.891424,0.836820,2.054604,0.650727,1.403878,False,2021
port1195,12,Shougang Jingtang,China,China,118.475493,39.006865,2022,51.271571,6.445484,1.369549,0.000000,1.369549,7.298070,2.222136,5.075935,1.535926,0.022263,1.513663,0.331751,1.181912,False,2022
port1195,12,Shougang Jingtang,China,China,118.475493,39.006865,2023,53.153776,8.327690,1.510014,0.000000,1.510014,9.040953,2.223277,6.817676,1.937568,0.055362,1.882205,0.140465,1.741741,False,2023
port1195,12,Shougang Jingtang,China,China,118.475493,39.006865,2024,55.637808,10.811721,2.805529,0.000000,2.805529,10.255959,2.249767,8.006192,2.521013,0.036981,2.484032,1.295515,1.188516,False,2024
port1195,12,Shougang Jingtang,China,China,118.475493,39.006865,2025,58.127913,13.301826,3.875232,0.000000,3.875232,11.676362,2.249767,9.426594,2.490105,0.000000,2.490105,1.069703,1.420402,False,2025
port474,13,Hong Kong,Hong Kong SAR,East Asia,114.096652,22.335109,2017,18.930522,0.000000,0.000000,0.000000,0.000000,0.000000,0.000000,0.000000,0.000000,0.000000,0.000000,0.000000,0.000000,False,2017
port474,13,Hong Kong,Hong Kong SAR,East Asia,114.096652,22.335109,2018,18.508671,-0.421850,0.000000,0.000000,0.000000,0.126563,0.548413,-0.421850,0.126563,0.548413,-0.421850,0.000000,-0.421850,False,2018
port474,13,Hong Kong,Hong Kong SAR,East Asia,114.096652,22.335109,2019,17.842048,-1.088474,0.002385,0.000000,0.002385,0.148188,1.239047,-1.090859,0.024777,0.691401,-0.666623,0.002385,-0.669009,False,2019
port474,13,Hong Kong,Hong Kong SAR,East Asia,114.096652,22.335109,2020,17.671610,-1.258912,0.433322,0.000000,0.433322,0.228368,1.920602,-1.692234,0.519126,0.689563,-0.170438,0.430937,-0.601375,False,2020
port474,13,Hong Kong,Hong Kong SAR,East Asia,114.096652,22.335109,2021,18.208998,-0.721524,1.235802,0.000000,1.235802,0.485839,2.443165,-1.957326,1.059951,0.522563,0.537388,0.802480,-0.265092,False,2021
port474,13,Hong Kong,Hong Kong SAR,East Asia,114.096652,22.335109,2022,18.631608,-0.298914,1.368201,0.000000,1.368201,0.798520,2.465635,-1.667115,0.445846,0.023236,0.422610,0.132399,0.290211,False,2022
port474,13,Hong Kong,Hong Kong SAR,East Asia,114.096652,22.335109,2023,18.980158,0.049636,1.322487,0.000000,1.322487,1.183756,2.456606,-1.272851,0.405270,0.056720,0.348550,-0.045714,0.394264,False,2023
port474,13,Hong Kong,Hong Kong SAR,East Asia,114.096652,22.335109,2024,19.316259,0.385737,1.348043,0.000000,1.348043,1.277869,2.240176,-0.962307,0.343511,0.007411,0.336101,0.025556,0.310544,False,2024
port474,13,Hong Kong,Hong Kong SAR,East Asia,114.096652,22.335109,2025,19.699868,0.769347,1.348043,0.000000,1.348043,1.661224,2.239921,-0.578697,0.383610,0.000000,0.383610,0.000000,0.383610,False,2025
port744,14,Jebel Ali,United Arab Emirates,Middle East and North Africa,55.077817,24.999419,2017,34.070262,0.000000,0.000000,0.000000,0.000000,0.000000,0.000000,0.000000,0.000000,0.000000,0.000000,0.000000,0.000000,False,2017
port744,14,Jebel Ali,United Arab Emirates,Middle East and North Africa,55.077817,24.999419,2018,33.808265,-0.261997,0.002944,0.000000,0.002944,0.087049,0.351989,-0.264941,0.089992,0.351989,-0.261997,0.002944,-0.264941,False,2018
port744,14,Jebel Ali,United Arab Emirates,Middle East and North Africa,55.077817,24.999419,2019,33.948657,-0.121605,0.002944,0.000000,0.002944,0.244282,0.368831,-0.124549,0.157234,0.016842,0.140392,0.000000,0.140392,False,2019
port744,14,Jebel Ali,United Arab Emirates,Middle East and North Africa,55.077817,24.999419,2020,33.959371,-0.110891,0.002944,0.000000,0.002944,0.270122,0.383957,-0.113835,0.025840,0.015126,0.010714,0.000000,0.010714,False,2020
port744,14,Jebel Ali,United Arab Emirates,Middle East and North Africa,55.077817,24.999419,2021,34.148335,0.078073,0.014230,0.000000,0.014230,0.509088,0.445246,0.063842,0.332528,0.143565,0.188964,0.011287,0.177677,False,2021
port744,14,Jebel Ali,United Arab Emirates,Middle East and North Africa,55.077817,24.999419,2022,34.355270,0.285007,0.015049,0.000000,0.015049,0.719783,0.449824,0.269959,0.214212,0.007278,0.206935,0.000818,0.206116,False,2022
port744,14,Jebel Ali,United Arab Emirates,Middle East and North Africa,55.077817,24.999419,2023,34.613247,0.542985,0.014149,0.000000,0.014149,0.941027,0.412192,0.528835,0.276210,0.018233,0.257977,-0.000899,0.258877,False,2023
port744,14,Jebel Ali,United Arab Emirates,Middle East and North Africa,55.077817,24.999419,2024,34.618236,0.547974,0.014149,0.000000,0.014149,0.944953,0.411129,0.533825,0.004989,0.000000,0.004989,0.000000,0.004989,False,2024
port744,14,Jebel Ali,United Arab Emirates,Middle East and North Africa,55.077817,24.999419,2025,34.619545,0.549283,0.014149,0.000000,0.014149,0.946262,0.411129,0.535133,0.001309,0.000000,0.001309,0.000000,0.001309,False,2025
port154,15,Huanghua,China,China,117.867244,38.323131,2017,19.272829,0.000000,0.000000,0.000000,0.000000,0.000000,0.000000,0.000000,0.000000,0.000000,0.000000,0.000000,0.000000,False,2017
port154,15,Huanghua,China,China,117.867244,38.323131,2018,18.354185,-0.918644,0.135556,0.000000,0.135556,0.761222,1.815422,-1.054200,0.896778,1.815422,-0.918644,0.135556,-1.054200,False,2018
port154,15,Huanghua,China,China,117.867244,38.323131,2019,17.903229,-1.369600,0.207425,0.000000,0.207425,0.804797,2.381823,-1.577026,0.120234,0.571190,-0.450956,0.071870,-0.522826,False,2019
port154,15,Huanghua,China,China,117.867244,38.323131,2020,17.685326,-1.587503,0.210011,0.000000,0.210011,0.876648,2.674162,-1.797514,0.203826,0.421729,-0.217903,0.002586,-0.220489,False,2020
port154,15,Huanghua,China,China,117.867244,38.323131,2021,17.835918,-1.436911,0.263480,0.000000,0.263480,1.028540,2.728930,-1.700390,0.205360,0.054768,0.150592,0.053468,0.097124,False,2021
port154,15,Huanghua,China,China,117.867244,38.323131,2022,19.461437,0.188608,0.436308,0.000000,0.436308,1.718411,1.966112,-0.247700,1.675135,0.049617,1.625519,0.172829,1.452690,False,2022
port154,15,Huanghua,China,China,117.867244,38.323131,2023,21.216076,1.943247,1.276881,0.000000,1.276881,2.523181,1.856815,0.666367,1.820088,0.065449,1.754639,0.840572,0.914067,False,2023
port154,15,Huanghua,China,China,117.867244,38.323131,2024,21.134302,1.861473,1.287276,0.000000,1.287276,2.441998,1.867801,0.574197,0.106708,0.188482,-0.081774,0.010395,-0.092170,False,2024
port154,15,Huanghua,China,China,117.867244,38.323131,2025,21.425699,2.152870,1.345465,0.000000,1.345465,2.675207,1.867801,0.807406,0.291397,0.000000,0.291397,0.058189,0.233209,False,2025
port481,16,Houston,United States,Americas,-95.139788,29.720231,2017,144.484854,0.000000,0.000000,0.000000,0.000000,0.000000,0.000000,0.000000,0.000000,0.000000,0.000000,0.000000,0.000000,False,2017
port481,16,Houston,United States,Americas,-95.139788,29.720231,2018,145.509337,1.024482,0.011568,0.000000,0.011568,1.258016,0.245101,1.012915,1.269583,0.245101,1.024482,0.011568,1.012915,False,2018
port481,16,Houston,United States,Americas,-95.139788,29.720231,2019,146.076887,1.592033,0.033000,0.000000,0.033000,2.185772,0.626738,1.559033,0.949188,0.381638,0.567551,0.021432,0.546118,False,2019
port481,16,Houston,United States,Americas,-95.139788,29.720231,2020,147.285351,2.800497,0.156921,0.000000,0.156921,3.444316,0.800741,2.643575,1.382917,0.174453,1.208464,0.123921,1.084542,False,2020
port481,16,Houston,United States,Americas,-95.139788,29.720231,2021,147.789311,3.304457,0.186297,0.000000,0.186297,3.943715,0.825555,3.118159,0.678233,0.174273,0.503960,0.029376,0.474584,False,2021
port481,16,Houston,United States,Americas,-95.139788,29.720231,2022,148.956026,4.471171,0.203285,0.000000,0.203285,5.141795,0.873908,4.267887,1.215143,0.048428,1.166715,0.016987,1.149727,False,2022
port481,16,Houston,United States,Americas,-95.139788,29.720231,2023,149.306519,4.821665,0.250553,0.000000,0.250553,6.045694,1.474583,4.571112,0.961823,0.611329,0.350493,0.047269,0.303225,False,2023
port481,16,Houston,United States,Americas,-95.139788,29.720231,2024,148.952004,4.467150,0.251228,0.000000,0.251228,5.857429,1.641507,4.215922,0.431467,0.785982,-0.354515,0.000675,-0.355190,False,2024
port481,16,Houston,United States,Americas,-95.139788,29.720231,2025,149.030563,4.545709,0.258071,0.000000,0.258071,5.928920,1.641282,4.287638,0.078559,0.000000,0.078559,0.006843,0.071716,False,2025
port664,17,Los Angeles-Long Beach,United States,Americas,-118.243788,33.755692,2017,37.067237,0.000000,0.000000,0.000000,0.000000,0.000000,0.000000,0.000000,0.000000,0.000000,0.000000,0.000000,0.000000,False,2017
port664,17,Los Angeles-Long Beach,United States,Americas,-118.243788,33.755692,2018,37.158186,0.090950,0.000000,0.000000,0.000000,0.191851,0.100901,0.090950,0.191851,0.100901,0.090950,0.000000,0.090950,False,2018
port664,17,Los Angeles-Long Beach,United States,Americas,-118.243788,33.755692,2019,37.201081,0.133845,0.007240,0.000000,0.007240,0.241426,0.114821,0.126605,0.056815,0.013920,0.042895,0.007240,0.035655,False,2019
port664,17,Los Angeles-Long Beach,United States,Americas,-118.243788,33.755692,2020,37.407100,0.339863,0.008136,0.000000,0.008136,0.453784,0.122056,0.331727,0.213254,0.007235,0.206019,0.000896,0.205122,False,2020
port664,17,Los Angeles-Long Beach,United States,Americas,-118.243788,33.755692,2021,37.314028,0.246792,0.008136,0.000000,0.008136,0.844607,0.605951,0.238656,0.391926,0.484998,-0.093071,0.000000,-0.093071,False,2021
port664,17,Los Angeles-Long Beach,United States,Americas,-118.243788,33.755692,2022,37.557737,0.490501,0.008963,0.000000,0.008963,1.125124,0.643587,0.481537,0.285345,0.041636,0.243709,0.000827,0.242882,False,2022
port664,17,Los Angeles-Long Beach,United States,Americas,-118.243788,33.755692,2023,37.802522,0.735285,0.013376,0.000000,0.013376,1.393770,0.671860,0.721909,0.334918,0.090134,0.244785,0.004413,0.240372,False,2023
port664,17,Los Angeles-Long Beach,United States,Americas,-118.243788,33.755692,2024,37.831803,0.764566,0.014135,0.000000,0.014135,1.422292,0.671860,0.750431,0.029418,0.000138,0.029281,0.000758,0.028522,False,2024
port664,17,Los Angeles-Long Beach,United States,Americas,-118.243788,33.755692,2025,37.856870,0.789634,0.014135,0.000000,0.014135,1.447359,0.671860,0.775499,0.025068,0.000000,0.025068,0.000000,0.025068,False,2025
port506,18,Itaqui,Brazil,Americas,-44.353493,-2.627114,2017,6.115392,0.000000,0.000000,0.000000,0.000000,0.000000,0.000000,0.000000,0.000000,0.000000,0.000000,0.000000,0.000000,False,2017
port506,18,Itaqui,Brazil,Americas,-44.353493,-2.627114,2018,6.091107,-0.024284,0.000694,0.000000,0.000694,0.001586,0.026564,-0.024978,0.002280,0.026564,-0.024284,0.000694,-0.024978,False,2018
port506,18,Itaqui,Brazil,Americas,-44.353493,-2.627114,2019,5.639352,-0.476040,0.010308,0.000000,0.010308,0.113603,0.599951,-0.486348,0.121631,0.573387,-0.451756,0.009614,-0.461369,False,2019
port506,18,Itaqui,Brazil,Americas,-44.353493,-2.627114,2020,5.643717,-0.471674,0.011299,0.000000,0.011299,0.142847,0.625820,-0.482973,0.030235,0.025869,0.004366,0.000991,0.003375,False,2020
port506,18,Itaqui,Brazil,Americas,-44.353493,-2.627114,2021,5.687632,-0.427760,0.014768,0.000000,0.014768,0.186069,0.628596,-0.442527,0.046691,0.002776,0.043915,0.003469,0.040446,False,2021
port506,18,Itaqui,Brazil,Americas,-44.353493,-2.627114,2022,5.741461,-0.373931,0.016750,0.000000,0.016750,0.238014,0.628695,-0.390681,0.053928,0.000099,0.053828,0.001982,0.051846,False,2022
port506,18,Itaqui,Brazil,Americas,-44.353493,-2.627114,2023,5.846138,-0.269254,0.048267,0.000000,0.048267,0.311174,0.628695,-0.317521,0.105470,0.000793,0.104677,0.031517,0.073160,False,2023
port506,18,Itaqui,Brazil,Americas,-44.353493,-2.627114,2024,6.002669,-0.112723,0.048267,0.000000,0.048267,0.466913,0.627902,-0.160990,0.156531,0.000000,0.156531,0.000000,0.156531,False,2024
port506,18,Itaqui,Brazil,Americas,-44.353493,-2.627114,2025,6.003660,-0.111731,0.048267,0.000000,0.048267,0.467904,0.627902,-0.159998,0.000991,0.000000,0.000991,0.000000,0.000991,False,2025
port1189,19,Shekou (Shenzhen),China,China,113.810338,22.581468,2017,9.097572,0.000000,0.000000,0.000000,0.000000,0.000000,0.000000,0.000000,0.000000,0.000000,0.000000,0.000000,0.000000,False,2017
port1189,19,Shekou (Shenzhen),China,China,113.810338,22.581468,2018,9.057287,-0.040285,0.000000,0.000000,0.000000,0.012404,0.052689,-0.040285,0.012404,0.052689,-0.040285,0.000000,-0.040285,False,2018
port1189,19,Shekou (Shenzhen),China,China,113.810338,22.581468,2019,8.988061,-0.109512,0.000000,0.000000,0.000000,0.142697,0.252208,-0.109512,0.130293,0.199519,-0.069226,0.000000,-0.069226,False,2019
port1189,19,Shekou (Shenzhen),China,China,113.810338,22.581468,2020,9.086058,-0.011514,0.001784,0.000000,0.001784,0.253356,0.266654,-0.013298,0.112528,0.014531,0.097998,0.001784,0.096213,False,2020
port1189,19,Shekou (Shenzhen),China,China,113.810338,22.581468,2021,9.183585,0.086012,0.013678,0.000000,0.013678,0.340857,0.268523,0.072334,0.099480,0.001953,0.097527,0.011894,0.085633,False,2021
port1189,19,Shekou (Shenzhen),China,China,113.810338,22.581468,2022,9.312948,0.215376,0.013678,0.000000,0.013678,0.469710,0.268012,0.201698,0.129703,0.000340,0.129363,0.000000,0.129363,False,2022
port1189,19,Shekou (Shenzhen),China,China,113.810338,22.581468,2023,9.790613,0.693041,0.015122,0.000000,0.015122,0.945081,0.267163,0.677918,0.477665,0.000000,0.477665,0.001444,0.476221,False,2023
port1189,19,Shekou (Shenzhen),China,China,113.810338,22.581468,2024,9.796752,0.699179,0.015122,0.000000,0.015122,0.952408,0.268351,0.684057,0.038327,0.032188,0.006139,0.000000,0.006139,False,2024
port1189,19,Shekou (Shenzhen),China,China,113.810338,22.581468,2025,9.877031,0.779459,0.015547,0.000000,0.015547,1.030988,0.267076,0.763912,0.080280,0.000000,0.080280,0.000425,0.079855,False,2025
port1404,20,Xiamen,China,China,118.020554,24.465934,2017,15.089947,0.000000,0.000000,0.000000,0.000000,0.000000,0.000000,0.000000,0.000000,0.000000,0.000000,0.000000,0.000000,False,2017
port1404,20,Xiamen,China,China,118.020554,24.465934,2018,14.798661,-0.291285,0.001816,0.000000,0.001816,0.401367,0.694469,-0.293101,0.403183,0.694469,-0.291285,0.001816,-0.293101,False,2018
port1404,20,Xiamen,China,China,118.020554,24.465934,2019,14.777376,-0.312570,0.004377,0.000000,0.004377,0.424387,0.741334,-0.316947,0.025581,0.046866,-0.021285,0.002561,-0.023846,False,2019
port1404,20,Xiamen,China,China,118.020554,24.465934,2020,15.600145,0.510199,0.031046,0.000000,0.031046,1.292771,0.813619,0.479152,0.900499,0.077730,0.822769,0.026669,0.796099,False,2020
port1404,20,Xiamen,China,China,118.020554,24.465934,2021,15.923955,0.834008,0.034762,0.000000,0.034762,1.662964,0.863718,0.799246,0.374239,0.050429,0.323810,0.003716,0.320094,False,2021
port1404,20,Xiamen,China,China,118.020554,24.465934,2022,17.591560,2.501614,0.062595,0.000000,0.062595,3.309246,0.870228,2.439019,1.700059,0.032453,1.667606,0.027833,1.639773,False,2022
port1404,20,Xiamen,China,China,118.020554,24.465934,2023,18.855836,3.765890,0.073559,0.000000,0.073559,4.585193,0.892862,3.692331,1.292115,0.027839,1.264276,0.010964,1.253312,False,2023
port1404,20,Xiamen,China,China,118.020554,24.465934,2024,18.932764,3.842817,0.075538,0.000000,0.075538,4.660141,0.892862,3.767279,0.082625,0.005697,0.076928,0.001980,0.074948,False,2024
port1404,20,Xiamen,China,China,118.020554,24.465934,2025,18.976350,3.886403,0.075538,0.000000,0.075538,4.703067,0.892202,3.810865,0.043586,0.000000,0.043586,0.000000,0.043586,False,2025
port1266,21,Tangshan (Jingtang),China,China,119.021247,39.235289,2017,27.247049,0.000000,0.000000,0.000000,0.000000,0.000000,0.000000,0.000000,0.000000,0.000000,0.000000,0.000000,0.000000,False,2017
port1266,21,Tangshan (Jingtang),China,China,119.021247,39.235289,2018,27.138897,-0.108151,0.000300,0.000000,0.000300,0.136336,0.244788,-0.108451,0.136636,0.244788,-0.108151,0.000300,-0.108451,False,2018
port1266,21,Tangshan (Jingtang),China,China,119.021247,39.235289,2019,30.453495,3.206447,0.037912,0.000000,0.037912,3.704802,0.536267,3.168535,3.606378,0.291780,3.314598,0.037612,3.276986,False,2019
port1266,21,Tangshan (Jingtang),China,China,119.021247,39.235289,2020,31.011861,3.764813,0.045160,0.000000,0.045160,4.285280,0.565627,3.719652,0.587906,0.029540,0.558366,0.007249,0.551117,False,2020
port1266,21,Tangshan (Jingtang),China,China,119.021247,39.235289,2021,37.536385,10.289336,0.059104,0.000000,0.059104,11.013300,0.783067,10.230233,6.748371,0.223848,6.524524,0.013943,6.510580,False,2021
port1266,21,Tangshan (Jingtang),China,China,119.021247,39.235289,2022,38.586881,11.339832,0.059283,0.000000,0.059283,12.070922,0.790373,11.280549,1.100292,0.049796,1.050496,0.000180,1.050316,False,2022
port1266,21,Tangshan (Jingtang),China,China,119.021247,39.235289,2023,40.294136,13.047087,0.124450,0.000000,0.124450,14.199157,1.276520,12.922637,3.041708,1.334453,1.707255,0.065167,1.642088,False,2023
port1266,21,Tangshan (Jingtang),China,China,119.021247,39.235289,2024,40.530319,13.283270,0.124570,0.000000,0.124570,14.435160,1.276460,13.158700,0.350290,0.114107,0.236182,0.000120,0.236063,False,2024
port1266,21,Tangshan (Jingtang),China,China,119.021247,39.235289,2025,40.590902,13.343853,0.124570,0.000000,0.124570,14.495744,1.276460,13.219284,0.060584,0.000000,0.060584,0.000000,0.060584,False,2025
port541,22,Kaohsiung,Taiwan Province of China,East Asia,120.322685,22.561528,2017,17.020063,0.000000,0.000000,0.000000,0.000000,0.000000,0.000000,0.000000,0.000000,0.000000,0.000000,0.000000,0.000000,False,2017
port541,22,Kaohsiung,Taiwan Province of China,East Asia,120.322685,22.561528,2018,18.177188,1.157125,0.261786,0.000000,0.261786,1.396219,0.500880,0.895340,1.658005,0.500880,1.157125,0.261786,0.895340,False,2018
port541,22,Kaohsiung,Taiwan Province of China,East Asia,120.322685,22.561528,2019,17.935526,0.915462,0.312310,0.000000,0.312310,1.407592,0.804439,0.603153,0.061897,0.303560,-0.241663,0.050524,-0.292187,False,2019
port541,22,Kaohsiung,Taiwan Province of China,East Asia,120.322685,22.561528,2020,19.229881,2.209818,0.312734,0.000000,0.312734,2.760691,0.863607,1.897084,1.357339,0.062984,1.294356,0.000424,1.293931,False,2020
port541,22,Kaohsiung,Taiwan Province of China,East Asia,120.322685,22.561528,2021,19.612639,2.592575,0.315619,0.000000,0.315619,3.180032,0.903075,2.276956,0.455882,0.073125,0.382757,0.002885,0.379872,False,2021
port541,22,Kaohsiung,Taiwan Province of China,East Asia,120.322685,22.561528,2022,21.585214,4.565151,0.316468,0.000000,0.316468,5.174245,0.925562,4.248683,2.001933,0.029357,1.972576,0.000849,1.971727,False,2022
port541,22,Kaohsiung,Taiwan Province of China,East Asia,120.322685,22.561528,2023,23.675574,6.655511,1.097693,0.000000,1.097693,6.492207,0.934388,5.557818,2.100459,0.010099,2.090360,0.781225,1.309135,False,2023
port541,22,Kaohsiung,Taiwan Province of China,East Asia,120.322685,22.561528,2024,24.767058,7.746994,1.476444,0.000000,1.476444,7.188818,0.918268,6.270550,1.479499,0.388015,1.091484,0.378751,0.712732,False,2024
port541,22,Kaohsiung,Taiwan Province of China,East Asia,120.322685,22.561528,2025,24.870133,7.850069,1.484086,0.000000,1.484086,7.279076,0.913093,6.365984,0.103075,0.000000,0.103075,0.007641,0.095433,False,2025
port981,23,Port Walcott,Australia,Oceania,117.165651,-20.608286,2017,3.096757,0.000000,0.000000,0.000000,0.000000,0.000000,0.000000,0.000000,0.000000,0.000000,0.000000,0.000000,0.000000,False,2017
port981,23,Port Walcott,Australia,Oceania,117.165651,-20.608286,2018,3.090916,-0.005841,0.000000,0.000000,0.000000,0.000000,0.005841,-0.005841,0.000000,0.005841,-0.005841,0.000000,-0.005841,False,2018
port981,23,Port Walcott,Australia,Oceania,117.165651,-20.608286,2019,2.685838,-0.410920,0.000000,0.000000,0.000000,0.000000,0.410920,-0.410920,0.000000,0.405078,-0.405078,0.000000,-0.405078,False,2019
port981,23,Port Walcott,Australia,Oceania,117.165651,-20.608286,2020,2.514187,-0.582571,0.000000,0.000000,0.000000,0.000000,0.582571,-0.582571,0.000000,0.171651,-0.171651,0.000000,-0.171651,False,2020
port981,23,Port Walcott,Australia,Oceania,117.165651,-20.608286,2021,2.476087,-0.620670,0.000000,0.000000,0.000000,0.000000,0.620670,-0.620670,0.000000,0.038100,-0.038100,0.000000,-0.038100,False,2021
port981,23,Port Walcott,Australia,Oceania,117.165651,-20.608286,2022,2.476087,-0.620670,0.000000,0.000000,0.000000,0.000000,0.620670,-0.620670,0.000000,0.000000,0.000000,0.000000,0.000000,True,2021
port981,23,Port Walcott,Australia,Oceania,117.165651,-20.608286,2023,2.476087,-0.620670,0.000000,0.000000,0.000000,0.000000,0.620670,-0.620670,0.000000,0.000000,0.000000,0.000000,0.000000,True,2021
port981,23,Port Walcott,Australia,Oceania,117.165651,-20.608286,2024,2.476087,-0.620670,0.000000,0.000000,0.000000,0.000000,0.620670,-0.620670,0.000000,0.000000,0.000000,0.000000,0.000000,True,2021
port981,23,Port Walcott,Australia,Oceania,117.165651,-20.608286,2025,2.229430,-0.867327,0.000000,0.000000,0.000000,0.002703,0.870030,-0.867327,0.128331,0.374988,-0.246657,0.000000,-0.246657,False,2025
port632,24,Lanqiao Port,China,China,119.356850,35.110483,2017,27.113519,0.000000,0.000000,0.000000,0.000000,0.000000,0.000000,0.000000,0.000000,0.000000,0.000000,0.000000,0.000000,False,2017
port632,24,Lanqiao Port,China,China,119.356850,35.110483,2018,27.546568,0.433049,0.125858,0.000000,0.125858,0.444864,0.137673,0.307192,0.570722,0.137673,0.433049,0.125858,0.307192,False,2018
port632,24,Lanqiao Port,China,China,119.356850,35.110483,2019,27.596567,0.483049,0.314899,0.000000,0.314899,0.764736,0.596586,0.168150,0.508913,0.458913,0.049999,0.189041,-0.139042,False,2019
port632,24,Lanqiao Port,China,China,119.356850,35.110483,2020,25.670519,-1.443000,0.401342,0.000000,0.401342,0.973107,2.817449,-1.844342,0.295482,2.221531,-1.926049,0.086443,-2.012492,False,2020
port632,24,Lanqiao Port,China,China,119.356850,35.110483,2021,25.377294,-1.736224,2.138902,0.000000,2.138902,1.450046,5.325172,-3.875126,2.214565,2.507790,-0.293224,1.737560,-2.030784,False,2021
port632,24,Lanqiao Port,China,China,119.356850,35.110483,2022,25.994244,-1.119275,2.258703,0.000000,2.258703,1.974583,5.352562,-3.377978,0.646475,0.029526,0.616950,0.119802,0.497148,False,2022
port632,24,Lanqiao Port,China,China,119.356850,35.110483,2023,26.357228,-0.756291,2.389537,0.000000,2.389537,2.182591,5.328418,-3.145827,0.371396,0.008412,0.362984,0.130833,0.232151,False,2023
port632,24,Lanqiao Port,China,China,119.356850,35.110483,2024,26.912313,-0.201206,2.769230,0.000000,2.769230,2.347579,5.318015,-2.970435,0.557089,0.002004,0.555085,0.379693,0.175392,False,2024
port632,24,Lanqiao Port,China,China,119.356850,35.110483,2025,27.668302,0.554783,3.133334,0.000000,3.133334,2.434693,5.013245,-2.578551,0.755989,0.000000,0.755989,0.364104,0.391884,False,2025
port526,25,Juaymah,Saudi Arabia,Middle East and North Africa,49.976980,26.803191,2017,8.078137,0.000000,0.000000,0.000000,0.000000,0.000000,0.000000,0.000000,0.000000,0.000000,0.000000,0.000000,0.000000,False,2017
port526,25,Juaymah,Saudi Arabia,Middle East and North Africa,49.976980,26.803191,2018,8.063928,-0.014208,0.000000,0.000000,0.000000,0.000000,0.014208,-0.014208,0.000000,0.014208,-0.014208,0.000000,-0.014208,False,2018
port526,25,Juaymah,Saudi Arabia,Middle East and North Africa,49.976980,26.803191,2019,8.069957,-0.008179,0.001190,0.000000,0.001190,0.006348,0.015717,-0.009369,0.007538,0.001508,0.006029,0.001190,0.004839,False,2019
port526,25,Juaymah,Saudi Arabia,Middle East and North Africa,49.976980,26.803191,2020,7.914618,-0.163519,0.001190,0.000000,0.001190,0.009045,0.173753,-0.164709,0.002697,0.158037,-0.155340,0.000000,-0.155340,False,2020
port526,25,Juaymah,Saudi Arabia,Middle East and North Africa,49.976980,26.803191,2021,7.803241,-0.274896,0.001190,0.000000,0.001190,0.020390,0.296476,-0.276085,0.011345,0.122722,-0.111377,0.000000,-0.111377,False,2021
port526,25,Juaymah,Saudi Arabia,Middle East and North Africa,49.976980,26.803191,2022,7.817052,-0.261085,0.001190,0.000000,0.001190,0.034201,0.296476,-0.262274,0.013811,0.000000,0.013811,0.000000,0.013811,False,2022
port526,25,Juaymah,Saudi Arabia,Middle East and North Africa,49.976980,26.803191,2023,7.854254,-0.223882,0.001190,0.000000,0.001190,0.071483,0.296555,-0.225072,0.037282,0.000079,0.037202,0.000000,0.037202,False,2023
port526,25,Juaymah,Saudi Arabia,Middle East and North Africa,49.976980,26.803191,2024,8.158132,0.079996,0.001190,0.000000,0.001190,0.375361,0.296555,0.078806,0.303878,0.000000,0.303878,0.000000,0.303878,False,2024
port526,25,Juaymah,Saudi Arabia,Middle East and North Africa,49.976980,26.803191,2025,8.601070,0.522934,0.001190,0.000000,0.001190,0.818299,0.296555,0.521744,0.442938,0.000000,0.442938,0.000000,0.442938,False,2025
port276,26,Dampier,Australia,Oceania,116.742476,-20.626687,2017,5.379900,0.000000,0.000000,0.000000,0.000000,0.000000,0.000000,0.000000,0.000000,0.000000,0.000000,0.000000,0.000000,False,2017
port276,26,Dampier,Australia,Oceania,116.742476,-20.626687,2018,5.474025,0.094126,0.000000,0.000000,0.000000,0.105197,0.011072,0.094126,0.105197,0.011072,0.094126,0.000000,0.094126,False,2018
port276,26,Dampier,Australia,Oceania,116.742476,-20.626687,2019,5.164005,-0.215894,0.000000,0.000000,0.000000,0.114959,0.330854,-0.215894,0.009762,0.319782,-0.310020,0.000000,-0.310020,False,2019
port276,26,Dampier,Australia,Oceania,116.742476,-20.626687,2020,4.973202,-0.406698,0.000000,0.000000,0.000000,0.105638,0.512336,-0.406698,0.000000,0.190804,-0.190804,0.000000,-0.190804,False,2020
port276,26,Dampier,Australia,Oceania,116.742476,-20.626687,2021,5.060004,-0.319896,0.000000,0.000000,0.000000,0.382196,0.702093,-0.319896,0.276558,0.189757,0.086802,0.000000,0.086802,False,2021
port276,26,Dampier,Australia,Oceania,116.742476,-20.626687,2022,4.342158,-1.037741,0.002700,0.000000,0.002700,0.637226,1.677668,-1.040442,0.257730,0.975575,-0.717845,0.002700,-0.720545,False,2022
port276,26,Dampier,Australia,Oceania,116.742476,-20.626687,2023,4.515271,-0.864628,0.002700,0.000000,0.002700,0.810339,1.677668,-0.867329,0.173113,0.000000,0.173113,0.000000,0.173113,False,2023
port276,26,Dampier,Australia,Oceania,116.742476,-20.626687,2024,4.517624,-0.862275,0.002700,0.000000,0.002700,0.812692,1.677668,-0.864976,0.002353,0.000000,0.002353,0.000000,0.002353,False,2024
port276,26,Dampier,Australia,Oceania,116.742476,-20.626687,2025,5.613061,0.233161,0.002700,0.000000,0.002700,0.814261,0.583800,0.230461,1.095437,0.000000,1.095437,0.000000,1.095437,False,2025
port816,27,Newcastle,Australia,Oceania,151.757747,-32.894456,2017,8.241373,0.000000,0.000000,0.000000,0.000000,0.000000,0.000000,0.000000,0.000000,0.000000,0.000000,0.000000,0.000000,False,2017
port816,27,Newcastle,Australia,Oceania,151.757747,-32.894456,2018,7.809243,-0.432130,0.000000,0.000000,0.000000,0.000000,0.432130,-0.432130,0.000000,0.432130,-0.432130,0.000000,-0.432130,False,2018
port816,27,Newcastle,Australia,Oceania,151.757747,-32.894456,2019,8.009420,-0.231953,0.000000,0.000000,0.000000,0.261757,0.493710,-0.231953,0.261757,0.061580,0.200177,0.000000,0.200177,False,2019
port816,27,Newcastle,Australia,Oceania,151.757747,-32.894456,2020,8.008155,-0.233218,0.000000,0.000000,0.000000,0.261757,0.494976,-0.233218,0.000000,0.001266,-0.001266,0.000000,-0.001266,False,2020
port816,27,Newcastle,Australia,Oceania,151.757747,-32.894456,2021,7.795269,-0.446104,0.000000,0.000000,0.000000,0.108090,0.554194,-0.446104,0.000844,0.213730,-0.212886,0.000000,-0.212886,False,2021
port816,27,Newcastle,Australia,Oceania,151.757747,-32.894456,2022,7.792105,-0.449268,0.000000,0.000000,0.000000,0.111467,0.560734,-0.449268,0.003376,0.006540,-0.003164,0.000000,-0.003164,False,2022
port816,27,Newcastle,Australia,Oceania,151.757747,-32.894456,2023,7.792105,-0.449268,0.000000,0.000000,0.000000,0.111467,0.560734,-0.449268,0.000000,0.000000,0.000000,0.000000,0.000000,False,2023
port816,27,Newcastle,Australia,Oceania,151.757747,-32.894456,2024,7.792246,-0.449127,0.000000,0.000000,0.000000,0.111607,0.560734,-0.449127,0.000141,0.000000,0.000141,0.000000,0.000141,False,2024
port816,27,Newcastle,Australia,Oceania,151.757747,-32.894456,2025,7.792809,-0.448564,0.000000,0.000000,0.000000,0.112170,0.560734,-0.448564,0.000563,0.000000,0.000563,0.000000,0.000563,False,2025
port1338,28,Ulsan,Korea,East Asia,129.378084,35.486473,2017,30.967000,0.000000,0.000000,0.000000,0.000000,0.000000,0.000000,0.000000,0.000000,0.000000,0.000000,0.000000,0.000000,False,2017
port1338,28,Ulsan,Korea,East Asia,129.378084,35.486473,2018,30.620323,-0.346677,0.000397,0.000000,0.000397,0.065360,0.412434,-0.347075,0.065757,0.412434,-0.346677,0.000397,-0.347075,False,2018
port1338,28,Ulsan,Korea,East Asia,129.378084,35.486473,2019,30.118031,-0.848969,0.000397,0.000000,0.000397,0.117339,0.966705,-0.849366,0.051980,0.554271,-0.502292,0.000000,-0.502292,False,2019
port1338,28,Ulsan,Korea,East Asia,129.378084,35.486473,2020,30.578384,-0.388617,0.001390,0.000000,0.001390,0.725863,1.115869,-0.390007,0.609516,0.149164,0.460353,0.000993,0.459360,False,2020
port1338,28,Ulsan,Korea,East Asia,129.378084,35.486473,2021,30.721054,-0.245946,0.002382,0.000000,0.002382,0.928695,1.177023,-0.248328,0.209256,0.066586,0.142670,0.000992,0.141678,False,2021
port1338,28,Ulsan,Korea,East Asia,129.378084,35.486473,2022,30.668393,-0.298608,0.002514,0.000000,0.002514,1.028022,1.329143,-0.301122,0.101974,0.154635,-0.052661,0.000132,-0.052794,False,2022
port1338,28,Ulsan,Korea,East Asia,129.378084,35.486473,2023,30.821422,-0.145578,0.002911,0.000000,0.002911,1.227979,1.376468,-0.148489,0.203990,0.050960,0.153030,0.000397,0.152632,False,2023
port1338,28,Ulsan,Korea,East Asia,129.378084,35.486473,2024,31.397893,0.430893,0.004966,0.000000,0.004966,1.803587,1.377661,0.425927,0.579051,0.002581,0.576471,0.002055,0.574416,False,2024
port1338,28,Ulsan,Korea,East Asia,129.378084,35.486473,2025,32.181132,1.214132,0.011793,0.000000,0.011793,2.536434,1.334095,1.202339,0.783239,0.000000,0.783239,0.006827,0.776412,False,2025
port1065,29,Busan,Korea,East Asia,128.938595,35.089551,2017,16.995033,0.000000,0.000000,0.000000,0.000000,0.000000,0.000000,0.000000,0.000000,0.000000,0.000000,0.000000,0.000000,False,2017
port1065,29,Busan,Korea,East Asia,128.938595,35.089551,2018,17.061861,0.066828,0.000000,0.000000,0.000000,0.178828,0.112000,0.066828,0.178828,0.112000,0.066828,0.000000,0.066828,False,2018
port1065,29,Busan,Korea,East Asia,128.938595,35.089551,2019,16.280571,-0.714461,0.093452,0.000000,0.093452,0.325352,1.133265,-0.807913,0.239976,1.021266,-0.781289,0.093452,-0.874741,False,2019
port1065,29,Busan,Korea,East Asia,128.938595,35.089551,2020,16.388468,-0.606565,0.238904,0.000000,0.238904,0.664161,1.509630,-0.845469,0.493602,0.385706,0.107897,0.145452,-0.037555,False,2020
port1065,29,Busan,Korea,East Asia,128.938595,35.089551,2021,16.819256,-0.175777,0.298859,0.000000,0.298859,1.108392,1.583027,-0.474636,0.509793,0.079005,0.430788,0.059956,0.370833,False,2021
port1065,29,Busan,Korea,East Asia,128.938595,35.089551,2022,16.509001,-0.486032,0.302001,0.000000,0.302001,1.155116,1.943148,-0.788032,0.057338,0.367593,-0.310255,0.003141,-0.313396,False,2022
port1065,29,Busan,Korea,East Asia,128.938595,35.089551,2023,17.084464,0.089432,0.354328,0.000000,0.354328,1.729432,1.994328,-0.264897,0.628980,0.053517,0.575464,0.052328,0.523136,False,2023
port1065,29,Busan,Korea,East Asia,128.938595,35.089551,2024,18.165558,1.170526,0.361411,0.000000,0.361411,2.546293,1.737178,0.809115,1.081094,0.000000,1.081094,0.007083,1.074011,False,2024
port1065,29,Busan,Korea,East Asia,128.938595,35.089551,2025,18.534203,1.539171,0.393095,0.000000,0.393095,2.876783,1.730707,1.146076,0.368645,0.000000,0.368645,0.031684,0.336961,False,2025
port432,30,Gwangyang (Kwangyang),Korea,East Asia,127.716553,34.876697,2017,45.923604,0.000000,0.000000,0.000000,0.000000,0.000000,0.000000,0.000000,0.000000,0.000000,0.000000,0.000000,0.000000,False,2017
port432,30,Gwangyang (Kwangyang),Korea,East Asia,127.716553,34.876697,2018,45.984273,0.060669,0.074053,0.000000,0.074053,0.203447,0.216831,-0.013384,0.277500,0.216831,0.060669,0.074053,-0.013384,False,2018
port432,30,Gwangyang (Kwangyang),Korea,East Asia,127.716553,34.876697,2019,46.401608,0.478005,0.161784,0.000000,0.161784,0.659427,0.343206,0.316221,0.543710,0.126375,0.417336,0.087730,0.329605,False,2019
port432,30,Gwangyang (Kwangyang),Korea,East Asia,127.716553,34.876697,2020,46.489388,0.565785,0.168374,0.000000,0.168374,0.853329,0.455919,0.397410,0.249737,0.161957,0.087780,0.006591,0.081189,False,2020
port432,30,Gwangyang (Kwangyang),Korea,East Asia,127.716553,34.876697,2021,47.017646,1.094042,0.156450,0.000000,0.156450,1.533723,0.596131,0.937592,0.699738,0.171480,0.528258,-0.011924,0.540182,False,2021
port432,30,Gwangyang (Kwangyang),Korea,East Asia,127.716553,34.876697,2022,48.069113,2.145509,0.182102,0.000000,0.182102,2.566792,0.603384,1.963408,1.346798,0.295331,1.051467,0.025651,1.025815,False,2022
port432,30,Gwangyang (Kwangyang),Korea,East Asia,127.716553,34.876697,2023,49.077718,3.154114,0.182232,0.000000,0.182232,3.575804,0.603922,2.971882,1.012299,0.003694,1.008605,0.000130,1.008474,False,2023
port432,30,Gwangyang (Kwangyang),Korea,East Asia,127.716553,34.876697,2024,49.743395,3.819791,0.188627,0.000000,0.188627,4.233543,0.602379,3.631164,0.972021,0.306344,0.665677,0.006395,0.659282,False,2024
port432,30,Gwangyang (Kwangyang),Korea,East Asia,127.716553,34.876697,2025,50.324823,4.401219,0.205759,0.000000,0.205759,4.797301,0.601841,4.195460,0.581427,0.000000,0.581427,0.017132,0.564296,False,2025
port1160,31,Santos,Brazil,Americas,-46.336564,-23.917068,2017,14.784971,0.000000,0.000000,0.000000,0.000000,0.000000,0.000000,0.000000,0.000000,0.000000,0.000000,0.000000,0.000000,False,2017
port1160,31,Santos,Brazil,Americas,-46.336564,-23.917068,2018,14.305396,-0.479575,0.000000,0.000000,0.000000,0.042835,0.522410,-0.479575,0.042835,0.522410,-0.479575,0.000000,-0.479575,False,2018
port1160,31,Santos,Brazil,Americas,-46.336564,-23.917068,2019,14.349417,-0.435554,0.000000,0.000000,0.000000,0.169602,0.605156,-0.435554,0.126767,0.082746,0.044021,0.000000,0.044021,False,2019
port1160,31,Santos,Brazil,Americas,-46.336564,-23.917068,2020,14.332028,-0.452943,0.000000,0.000000,0.000000,0.188168,0.641111,-0.452943,0.018566,0.035955,-0.017388,0.000000,-0.017388,False,2020
port1160,31,Santos,Brazil,Americas,-46.336564,-23.917068,2021,14.391040,-0.393930,0.000000,0.000000,0.000000,0.249594,0.643525,-0.393930,0.061426,0.002414,0.059012,0.000000,0.059012,False,2021
port1160,31,Santos,Brazil,Americas,-46.336564,-23.917068,2022,14.432945,-0.352026,0.000249,0.000000,0.000249,0.291332,0.643608,-0.352276,0.041987,0.000083,0.041904,0.000249,0.041655,False,2022
port1160,31,Santos,Brazil,Americas,-46.336564,-23.917068,2023,14.447417,-0.337554,0.001164,0.000000,0.001164,0.304889,0.643608,-0.338718,0.014472,0.000000,0.014472,0.000915,0.013557,False,2023
port1160,31,Santos,Brazil,Americas,-46.336564,-23.917068,2024,14.554569,-0.230401,0.001164,0.000000,0.001164,0.412042,0.643608,-0.231566,0.107153,0.000000,0.107153,0.000000,0.107153,False,2024
port1160,31,Santos,Brazil,Americas,-46.336564,-23.917068,2025,14.565043,-0.219928,0.001164,0.000000,0.001164,0.422515,0.643608,-0.221092,0.010473,0.000000,0.010473,0.000000,0.010473,False,2025
port446,32,Hamburg,Germany,Europe,9.964294,53.516401,2017,27.803057,0.000000,0.000000,0.000000,0.000000,0.000000,0.000000,0.000000,0.000000,0.000000,0.000000,0.000000,0.000000,False,2017
port446,32,Hamburg,Germany,Europe,9.964294,53.516401,2018,27.787430,-0.015626,0.011147,0.000000,0.011147,0.043186,0.069960,-0.026773,0.054333,0.069960,-0.015626,0.011147,-0.026773,False,2018
port446,32,Hamburg,Germany,Europe,9.964294,53.516401,2019,27.790629,-0.012428,0.013272,0.000000,0.013272,0.079302,0.105002,-0.025699,0.038241,0.035042,0.003199,0.002125,0.001074,False,2019
port446,32,Hamburg,Germany,Europe,9.964294,53.516401,2020,27.701413,-0.101644,0.025064,0.000000,0.025064,0.094562,0.221270,-0.126708,0.027052,0.116268,-0.089217,0.011792,-0.101009,False,2020
port446,32,Hamburg,Germany,Europe,9.964294,53.516401,2021,27.616964,-0.186092,0.025843,0.000000,0.025843,0.131179,0.343114,-0.211935,0.039059,0.123507,-0.084448,0.000779,-0.085227,False,2021
port446,32,Hamburg,Germany,Europe,9.964294,53.516401,2022,27.631658,-0.171398,0.032570,0.000000,0.032570,0.139925,0.343893,-0.203968,0.015827,0.001133,0.014694,0.006727,0.007967,False,2022
port446,32,Hamburg,Germany,Europe,9.964294,53.516401,2023,27.656598,-0.146458,0.039377,0.000000,0.039377,0.166130,0.351965,-0.185835,0.038569,0.013629,0.024940,0.006807,0.018133,False,2023
port446,32,Hamburg,Germany,Europe,9.964294,53.516401,2024,27.675995,-0.127061,0.054030,0.000000,0.054030,0.173422,0.354513,-0.181091,0.021945,0.002548,0.019397,0.014653,0.004744,False,2024
port446,32,Hamburg,Germany,Europe,9.964294,53.516401,2025,27.814231,0.011174,0.059130,0.000000,0.059130,0.306734,0.354690,-0.047956,0.138412,0.000177,0.138235,0.005100,0.133135,False,2025
port776,33,Mumbai-Jawaharlal Nehru (Nhava Sheva),India,South Asia,72.939650,18.917323,2017,13.562076,0.000000,0.000000,0.000000,0.000000,0.000000,0.000000,0.000000,0.000000,0.000000,0.000000,0.000000,0.000000,False,2017
port776,33,Mumbai-Jawaharlal Nehru (Nhava Sheva),India,South Asia,72.939650,18.917323,2018,13.637049,0.074974,0.005340,0.000000,0.005340,0.435424,0.365790,0.069634,0.440764,0.365790,0.074974,0.005340,0.069634,False,2018
port776,33,Mumbai-Jawaharlal Nehru (Nhava Sheva),India,South Asia,72.939650,18.917323,2019,13.854652,0.292576,0.006495,0.000000,0.006495,0.679816,0.393734,0.286081,0.245725,0.028122,0.217603,0.001156,0.216447,False,2019
port776,33,Mumbai-Jawaharlal Nehru (Nhava Sheva),India,South Asia,72.939650,18.917323,2020,13.983285,0.421209,0.025734,0.000000,0.025734,0.849782,0.454307,0.395475,0.191253,0.062620,0.128633,0.019239,0.109394,False,2020
port776,33,Mumbai-Jawaharlal Nehru (Nhava Sheva),India,South Asia,72.939650,18.917323,2021,14.267530,0.705454,0.166811,0.000000,0.166811,1.006207,0.467565,0.538643,0.336766,0.052522,0.284244,0.141077,0.143167,False,2021
port776,33,Mumbai-Jawaharlal Nehru (Nhava Sheva),India,South Asia,72.939650,18.917323,2022,14.903145,1.341069,0.186043,0.000000,0.186043,1.624370,0.469344,1.155026,0.637928,0.002313,0.635616,0.019232,0.616383,False,2022
port776,33,Mumbai-Jawaharlal Nehru (Nhava Sheva),India,South Asia,72.939650,18.917323,2023,15.546857,1.984781,0.239864,0.000000,0.239864,2.234284,0.489367,1.744917,0.966709,0.322998,0.643711,0.053820,0.589891,False,2023
port776,33,Mumbai-Jawaharlal Nehru (Nhava Sheva),India,South Asia,72.939650,18.917323,2024,15.749162,2.187086,0.265564,0.000000,0.265564,2.410889,0.489367,1.921522,0.229968,0.027663,0.202306,0.025700,0.176606,False,2024
port776,33,Mumbai-Jawaharlal Nehru (Nhava Sheva),India,South Asia,72.939650,18.917323,2025,15.788145,2.226069,0.294221,0.000000,0.294221,2.421037,0.489189,1.931848,0.038983,0.000000,0.038983,0.028657,0.010325,False,2025
port1253,34,Suzhou (Taicang),China,China,121.137616,31.687516,2017,20.783262,0.000000,0.000000,0.000000,0.000000,0.000000,0.000000,0.000000,0.000000,0.000000,0.000000,0.000000,0.000000,False,2017
port1253,34,Suzhou (Taicang),China,China,121.137616,31.687516,2018,23.048476,2.265213,1.628289,0.009872,1.618417,0.661212,0.014415,0.646797,2.289501,0.024288,2.265213,1.618417,0.646797,False,2018
port1253,34,Suzhou (Taicang),China,China,121.137616,31.687516,2019,25.474509,4.691246,2.849186,0.023577,2.825609,2.094894,0.229256,1.865637,2.654579,0.228546,2.426033,1.207192,1.218841,False,2019
port1253,34,Suzhou (Taicang),China,China,121.137616,31.687516,2020,26.307209,5.523947,3.379201,0.045749,3.333451,2.438459,0.247964,2.190495,0.873652,0.040952,0.832700,0.507842,0.324858,False,2020
port1253,34,Suzhou (Taicang),China,China,121.137616,31.687516,2021,26.919912,6.136650,3.591010,0.048998,3.542012,2.844333,0.249695,2.594638,0.624022,0.011318,0.612703,0.208560,0.404143,False,2021
port1253,34,Suzhou (Taicang),China,China,121.137616,31.687516,2022,27.318266,6.535004,3.759486,0.052323,3.707162,3.077969,0.250127,2.827842,0.402328,0.003974,0.398354,0.165151,0.233204,False,2022
port1253,34,Suzhou (Taicang),China,China,121.137616,31.687516,2023,28.223185,7.439923,4.065599,0.054486,4.011114,3.680595,0.251786,3.428809,0.909892,0.004973,0.904919,0.303951,0.600967,False,2023
port1253,34,Suzhou (Taicang),China,China,121.137616,31.687516,2024,28.562172,7.778910,4.133411,0.034116,4.099295,3.911469,0.231854,3.679615,0.339204,0.000216,0.338987,0.088181,0.250806,False,2024
port1253,34,Suzhou (Taicang),China,China,121.137616,31.687516,2025,29.449287,8.666025,4.474602,0.035055,4.439547,4.458620,0.232143,4.226478,0.888559,0.001444,0.887115,0.340252,0.546862,False,2025
port1105,35,Rizhao,China,China,119.532557,35.348910,2017,11.590394,0.000000,0.000000,0.000000,0.000000,0.000000,0.000000,0.000000,0.000000,0.000000,0.000000,0.000000,0.000000,False,2017
port1105,35,Rizhao,China,China,119.532557,35.348910,2018,13.859858,2.269463,0.104408,0.000000,0.104408,2.169568,0.004513,2.165055,2.273976,0.004513,2.269463,0.104408,2.165055,False,2018
port1105,35,Rizhao,China,China,119.532557,35.348910,2019,14.244983,2.654588,0.148308,0.000000,0.148308,2.569841,0.063561,2.506281,0.444173,0.059048,0.385125,0.043899,0.341226,False,2019
port1105,35,Rizhao,China,China,119.532557,35.348910,2020,14.359351,2.768957,0.173956,0.000000,0.173956,2.675275,0.080274,2.595001,0.131082,0.016714,0.114368,0.025648,0.088720,False,2020
port1105,35,Rizhao,China,China,119.532557,35.348910,2021,14.373845,2.783451,0.186514,0.000000,0.186514,2.709741,0.112805,2.596937,0.048021,0.033526,0.014494,0.012558,0.001936,False,2021
port1105,35,Rizhao,China,China,119.532557,35.348910,2022,14.374247,2.783853,0.188309,0.000000,0.188309,2.711867,0.116323,2.595544,0.003920,0.003518,0.000402,0.001795,-0.001393,False,2022
port1105,35,Rizhao,China,China,119.532557,35.348910,2023,14.378895,2.788501,0.188375,0.000000,0.188375,2.717643,0.117518,2.600126,0.005843,0.001195,0.004648,0.000066,0.004582,False,2023
port1105,35,Rizhao,China,China,119.532557,35.348910,2024,14.380623,2.790228,0.188375,0.000000,0.188375,2.719371,0.117518,2.601853,0.001727,0.000000,0.001727,0.000000,0.001727,False,2024
port1105,35,Rizhao,China,China,119.532557,35.348910,2025,14.381952,2.791557,0.189107,0.000000,0.189107,2.719969,0.117518,2.602451,0.001329,0.000000,0.001329,0.000731,0.000598,False,2025
port812,36,New Orleans,United States,Americas,-90.130868,29.930033,2017,6.341283,0.000000,0.000000,0.000000,0.000000,0.000000,0.000000,0.000000,0.000000,0.000000,0.000000,0.000000,0.000000,False,2017
port812,36,New Orleans,United States,Americas,-90.130868,29.930033,2018,6.430028,0.088745,0.017957,0.000000,0.017957,0.071537,0.000749,0.070789,0.089494,0.000749,0.088745,0.017957,0.070789,False,2018
port812,36,New Orleans,United States,Americas,-90.130868,29.930033,2019,6.430695,0.089412,0.023345,0.000000,0.023345,0.105891,0.039825,0.066067,0.039742,0.039076,0.000667,0.005389,-0.004722,False,2019
port812,36,New Orleans,United States,Americas,-90.130868,29.930033,2020,6.475102,0.133819,0.055019,0.000000,0.055019,0.151115,0.072315,0.078800,0.080791,0.036384,0.044407,0.031674,0.012733,False,2020
port812,36,New Orleans,United States,Americas,-90.130868,29.930033,2021,6.459229,0.117946,0.058087,0.000000,0.058087,0.160097,0.100238,0.059859,0.012050,0.027923,-0.015873,0.003068,-0.018941,False,2021
port812,36,New Orleans,United States,Americas,-90.130868,29.930033,2022,6.536245,0.194961,0.084882,0.000000,0.084882,0.212937,0.102858,0.110079,0.079635,0.002620,0.077015,0.026795,0.050220,False,2022
port812,36,New Orleans,United States,Americas,-90.130868,29.930033,2023,6.543957,0.202674,0.086754,0.000000,0.086754,0.221548,0.105628,0.115919,0.011007,0.003294,0.007712,0.001872,0.005840,False,2023
port812,36,New Orleans,United States,Americas,-90.130868,29.930033,2024,6.657147,0.315864,0.118121,0.000000,0.118121,0.273350,0.075608,0.197742,0.114687,0.001497,0.113190,0.031367,0.081823,False,2024
port812,36,New Orleans,United States,Americas,-90.130868,29.930033,2025,6.657147,0.315864,0.118196,0.000000,0.118196,0.273350,0.075683,0.197667,0.000075,0.000075,-0.000000,0.000075,-0.000075,False,2025
port1072,37,Qinhuangdao,China,China,119.650007,39.926455,2017,10.866057,0.000000,0.000000,0.000000,0.000000,0.000000,0.000000,0.000000,0.000000,0.000000,0.000000,0.000000,0.000000,False,2017
port1072,37,Qinhuangdao,China,China,119.650007,39.926455,2018,11.315117,0.449060,0.318736,0.000000,0.318736,0.266974,0.136650,0.130324,0.585711,0.136650,0.449060,0.318736,0.130324,False,2018
port1072,37,Qinhuangdao,China,China,119.650007,39.926455,2019,10.918626,0.052569,0.442947,0.000000,0.442947,0.419167,0.809545,-0.390378,0.276403,0.672894,-0.396491,0.124211,-0.520702,False,2019
port1072,37,Qinhuangdao,China,China,119.650007,39.926455,2020,11.074458,0.208401,0.442008,0.000000,0.442008,0.621082,0.854689,-0.233607,0.201914,0.046082,0.155832,-0.000939,0.156771,False,2020
port1072,37,Qinhuangdao,China,China,119.650007,39.926455,2021,10.798528,-0.067529,0.252021,0.000000,0.252021,0.540073,0.859622,-0.319550,0.033579,0.309509,-0.275930,-0.189987,-0.085943,False,2021
port1072,37,Qinhuangdao,China,China,119.650007,39.926455,2022,10.895767,0.029710,0.252021,0.000000,0.252021,0.640719,0.863030,-0.222311,0.106745,0.009506,0.097239,0.000000,0.097239,False,2022
port1072,37,Qinhuangdao,China,China,119.650007,39.926455,2023,10.890887,0.024831,0.252138,0.000000,0.252138,0.646764,0.874072,-0.227308,0.007279,0.012159,-0.004879,0.000117,-0.004997,False,2023
port1072,37,Qinhuangdao,China,China,119.650007,39.926455,2024,10.939122,0.073065,0.252138,0.000000,0.252138,0.695058,0.874131,-0.179073,0.048528,0.000294,0.048235,0.000000,0.048235,False,2024
port1072,37,Qinhuangdao,China,China,119.650007,39.926455,2025,10.955085,0.089028,0.252138,0.000000,0.252138,0.708851,0.871961,-0.163110,0.015963,0.000000,0.015963,0.000000,0.015963,False,2025
port1429,38,Zhoushan,China,China,122.100837,30.056350,2017,30.968222,0.000000,0.000000,0.000000,0.000000,0.000000,0.000000,0.000000,0.000000,0.000000,0.000000,0.000000,0.000000,False,2017
port1429,38,Zhoushan,China,China,122.100837,30.056350,2018,35.309672,4.341449,0.232678,0.002382,0.230297,4.632478,0.521325,4.111153,4.865156,0.523707,4.341449,0.230297,4.111153,False,2018
port1429,38,Zhoushan,China,China,122.100837,30.056350,2019,41.575077,10.606855,1.341668,0.016711,1.324957,10.553929,1.272031,9.281898,7.030440,0.765034,6.265406,1.094660,5.170745,False,2019
port1429,38,Zhoushan,China,China,122.100837,30.056350,2020,45.389784,14.421561,3.814201,0.023080,3.791120,12.660870,2.030430,10.630441,4.592209,0.777503,3.814706,2.466164,1.348543,False,2020
port1429,38,Zhoushan,China,China,122.100837,30.056350,2021,48.727599,17.759377,5.624792,0.026376,5.598415,14.510677,2.349716,12.160962,3.669352,0.331536,3.337815,1.807295,1.530521,False,2021
port1429,38,Zhoushan,China,China,122.100837,30.056350,2022,49.243423,18.275201,5.922697,0.026079,5.896618,15.069050,2.690467,12.378583,0.886431,0.370607,0.515824,0.298203,0.217621,False,2022
port1429,38,Zhoushan,China,China,122.100837,30.056350,2023,50.632469,19.664247,6.339479,0.025558,6.313921,16.037213,2.686887,13.350326,1.443257,0.054211,1.389046,0.417303,0.971743,False,2023
port1429,38,Zhoushan,China,China,122.100837,30.056350,2024,53.594768,22.626545,6.952533,0.025558,6.926975,18.356383,2.656813,15.699570,2.963340,0.001042,2.962298,0.613054,2.349244,False,2024
port1429,38,Zhoushan,China,China,122.100837,30.056350,2025,54.887648,23.919426,7.535959,0.025558,7.510401,19.055760,2.646735,16.409024,1.292881,0.000000,1.292881,0.583426,0.709454,False,2025
port1070,39,Dongjiakou,China,China,119.763278,35.609318,2017,14.812037,0.000000,0.000000,0.000000,0.000000,0.000000,0.000000,0.000000,0.000000,0.000000,0.000000,0.000000,0.000000,False,2017
port1070,39,Dongjiakou,China,China,119.763278,35.609318,2018,15.507473,0.695436,0.014716,0.000000,0.014716,0.683096,0.002375,0.680721,0.697812,0.002375,0.695436,0.014716,0.680721,False,2018
port1070,39,Dongjiakou,China,China,119.763278,35.609318,2019,16.516344,1.704308,0.058147,0.000000,0.058147,1.651769,0.005608,1.646161,1.012104,0.003233,1.008871,0.043431,0.965440,False,2019
port1070,39,Dongjiakou,China,China,119.763278,35.609318,2020,17.518247,2.706211,0.247702,0.000000,0.247702,2.692797,0.234288,2.458509,1.341288,0.339385,1.001903,0.189555,0.812348,False,2020
port1070,39,Dongjiakou,China,China,119.763278,35.609318,2021,17.667725,2.855688,0.263536,0.000000,0.263536,2.845561,0.253408,2.592152,0.170180,0.020703,0.149477,0.015834,0.133644,False,2021
port1070,39,Dongjiakou,China,China,119.763278,35.609318,2022,18.863643,4.051606,0.384358,0.000000,0.384358,3.926393,0.259145,3.667248,1.201654,0.005737,1.195918,0.120822,1.075096,False,2022
port1070,39,Dongjiakou,China,China,119.763278,35.609318,2023,19.680105,4.868069,0.811914,0.000000,0.811914,4.315497,0.259343,4.056154,0.824763,0.008300,0.816463,0.427557,0.388906,False,2023
port1070,39,Dongjiakou,China,China,119.763278,35.609318,2024,19.701080,4.889043,0.814817,0.000000,0.814817,4.333569,0.259343,4.074226,0.020975,0.000000,0.020975,0.002903,0.018072,False,2024
port1070,39,Dongjiakou,China,China,119.763278,35.609318,2025,19.709525,4.897488,0.819041,0.000000,0.819041,4.337790,0.259343,4.078447,0.008445,0.000000,0.008445,0.004224,0.004221,False,2025
port273,40,Dalian,China,China,121.770301,38.987035,2017,36.931716,0.000000,0.000000,0.000000,0.000000,0.000000,0.000000,0.000000,0.000000,0.000000,0.000000,0.000000,0.000000,False,2017
port273,40,Dalian,China,China,121.770301,38.987035,2018,36.604247,-0.327469,0.000060,0.000000,0.000060,0.139308,0.466838,-0.327530,0.139369,0.466838,-0.327469,0.000060,-0.327530,False,2018
port273,40,Dalian,China,China,121.770301,38.987035,2019,36.113062,-0.818654,0.048621,0.000000,0.048621,0.422136,1.289411,-0.867275,0.331388,0.822573,-0.491185,0.048560,-0.539745,False,2019
port273,40,Dalian,China,China,121.770301,38.987035,2020,36.669626,-0.262090,0.077831,0.000000,0.077831,1.118676,1.458597,-0.339921,0.726414,0.169850,0.556564,0.029210,0.527354,False,2020
port273,40,Dalian,China,China,121.770301,38.987035,2021,37.030843,0.099127,0.179762,0.000000,0.179762,1.417777,1.498412,-0.080635,0.402118,0.040901,0.361217,0.101931,0.259286,False,2021
port273,40,Dalian,China,China,121.770301,38.987035,2022,37.211824,0.280108,0.067680,0.000000,0.067680,1.789694,1.577266,0.212428,0.397587,0.216606,0.180981,-0.112082,0.293063,False,2022
port273,40,Dalian,China,China,121.770301,38.987035,2023,37.166653,0.234937,0.067680,0.000000,0.067680,1.764195,1.596938,0.167257,0.205099,0.250270,-0.045171,0.000000,-0.045171,False,2023
port273,40,Dalian,China,China,121.770301,38.987035,2024,37.720091,0.788374,0.075958,0.000000,0.075958,2.308448,1.596032,0.712416,0.553679,0.000242,0.553438,0.008278,0.545159,False,2024
port273,40,Dalian,China,China,121.770301,38.987035,2025,37.746641,0.814925,0.075958,0.000000,0.075958,2.328236,1.589270,0.738966,0.026550,0.000000,0.026550,0.000000,0.026550,False,2025
port1265,41,Tangier-Mediterranean,Morocco,Middle East and North Africa,-5.511024,35.879852,2017,3.306639,0.000000,0.000000,0.000000,0.000000,0.000000,0.000000,0.000000,0.000000,0.000000,0.000000,0.000000,0.000000,False,2017
port1265,41,Tangier-Mediterranean,Morocco,Middle East and North Africa,-5.511024,35.879852,2018,3.246032,-0.060607,0.000000,0.000000,0.000000,0.002227,0.062834,-0.060607,0.002227,0.062834,-0.060607,0.000000,-0.060607,False,2018
port1265,41,Tangier-Mediterranean,Morocco,Middle East and North Africa,-5.511024,35.879852,2019,3.414947,0.108308,0.290421,0.000000,0.290421,0.026209,0.208322,-0.182113,0.314404,0.145488,0.168916,0.290421,-0.121506,False,2019
port1265,41,Tangier-Mediterranean,Morocco,Middle East and North Africa,-5.511024,35.879852,2020,3.677406,0.370767,0.505261,0.000000,0.505261,0.110313,0.244808,-0.134495,0.298944,0.036486,0.262458,0.214840,0.047618,False,2020
port1265,41,Tangier-Mediterranean,Morocco,Middle East and North Africa,-5.511024,35.879852,2021,3.704660,0.398021,0.527473,0.000000,0.527473,0.134418,0.263871,-0.129452,0.046317,0.019063,0.027254,0.022212,0.005042,False,2021
port1265,41,Tangier-Mediterranean,Morocco,Middle East and North Africa,-5.511024,35.879852,2022,3.792767,0.486127,0.536910,0.000000,0.536910,0.212564,0.263347,-0.050782,0.088237,0.000131,0.088106,0.009437,0.078670,False,2022
port1265,41,Tangier-Mediterranean,Morocco,Middle East and North Africa,-5.511024,35.879852,2023,3.925125,0.618485,0.551656,0.000000,0.551656,0.330045,0.263215,0.066829,0.132489,0.000131,0.132358,0.014746,0.117612,False,2023
port1265,41,Tangier-Mediterranean,Morocco,Middle East and North Africa,-5.511024,35.879852,2024,4.153930,0.847291,0.575581,0.000000,0.575581,0.534991,0.263281,0.271710,0.228871,0.000066,0.228805,0.023925,0.204881,False,2024
port1265,41,Tangier-Mediterranean,Morocco,Middle East and North Africa,-5.511024,35.879852,2025,4.159630,0.852991,0.580757,0.000000,0.580757,0.535515,0.263281,0.272234,0.005700,0.000000,0.005700,0.005176,0.000524,False,2025
port815,42,New York-New Jersey,United States,Americas,-74.179421,40.632984,2017,44.598969,0.000000,0.000000,0.000000,0.000000,0.000000,0.000000,0.000000,0.000000,0.000000,0.000000,0.000000,0.000000,False,2017
port815,42,New York-New Jersey,United States,Americas,-74.179421,40.632984,2018,44.418271,-0.180698,0.006218,0.000000,0.006218,0.441487,0.628403,-0.186916,0.447705,0.628403,-0.180698,0.006218,-0.186916,False,2018
port815,42,New York-New Jersey,United States,Americas,-74.179421,40.632984,2019,44.534757,-0.064212,0.007311,0.000000,0.007311,0.635135,0.706659,-0.071524,0.194741,0.078256,0.116486,0.001094,0.115392,False,2019
port815,42,New York-New Jersey,United States,Americas,-74.179421,40.632984,2020,44.678741,0.079772,0.009380,0.000000,0.009380,1.293109,1.222717,0.070392,0.660042,0.516058,0.143984,0.002069,0.141916,False,2020
port815,42,New York-New Jersey,United States,Americas,-74.179421,40.632984,2021,45.219698,0.620728,0.022546,0.000000,0.022546,2.139058,1.540876,0.598183,0.860440,0.319484,0.540957,0.013166,0.527791,False,2021
port815,42,New York-New Jersey,United States,Americas,-74.179421,40.632984,2022,45.566235,0.967266,0.023639,0.000000,0.023639,2.727631,1.784004,0.943627,0.596361,0.249823,0.346537,0.001093,0.345444,False,2022
port815,42,New York-New Jersey,United States,Americas,-74.179421,40.632984,2023,46.187899,1.588929,0.053921,0.000000,0.053921,3.409082,1.874075,1.535008,0.762817,0.141154,0.621663,0.030283,0.591381,False,2023
port815,42,New York-New Jersey,United States,Americas,-74.179421,40.632984,2024,46.377082,1.778113,0.064438,0.000000,0.064438,3.587576,1.873902,1.713674,0.191884,0.002701,0.189183,0.010517,0.178666,False,2024
port815,42,New York-New Jersey,United States,Americas,-74.179421,40.632984,2025,46.506083,1.907114,0.076916,0.000000,0.076916,3.703178,1.872980,1.830198,0.129001,0.000000,0.129001,0.012477,0.116523,False,2025
port1426,43,Zhanjiang,China,China,110.408410,21.212128,2017,8.151603,0.000000,0.000000,0.000000,0.000000,0.000000,0.000000,0.000000,0.000000,0.000000,0.000000,0.000000,0.000000,False,2017
port1426,43,Zhanjiang,China,China,110.408410,21.212128,2018,8.319874,0.168271,0.000000,0.000000,0.000000,0.214373,0.046102,0.168271,0.214373,0.046102,0.168271,0.000000,0.168271,False,2018
port1426,43,Zhanjiang,China,China,110.408410,21.212128,2019,8.116711,-0.034892,0.000346,0.000000,0.000346,0.216970,0.252208,-0.035238,0.002943,0.206105,-0.203162,0.000346,-0.203509,False,2019
port1426,43,Zhanjiang,China,China,110.408410,21.212128,2020,8.057740,-0.093864,0.002423,0.000000,0.002423,0.232542,0.328829,-0.096287,0.017995,0.076967,-0.058972,0.002077,-0.061049,False,2020
port1426,43,Zhanjiang,China,China,110.408410,21.212128,2021,8.138076,-0.013528,0.014282,0.000000,0.014282,0.311401,0.339210,-0.027809,0.097553,0.017217,0.080336,0.011859,0.068477,False,2021
port1426,43,Zhanjiang,China,China,110.408410,21.212128,2022,7.882383,-0.269220,0.038726,0.000000,0.038726,0.405646,0.713592,-0.307946,0.228133,0.483826,-0.255693,0.024444,-0.280136,False,2022
port1426,43,Zhanjiang,China,China,110.408410,21.212128,2023,7.964766,-0.186837,0.042186,0.000000,0.042186,0.490184,0.719207,-0.229023,0.088344,0.005961,0.082383,0.003460,0.078923,False,2023
port1426,43,Zhanjiang,China,China,110.408410,21.212128,2024,7.934581,-0.217022,0.042358,0.000000,0.042358,0.516119,0.775499,-0.259380,0.050370,0.080554,-0.030185,0.000173,-0.030357,False,2024
port1426,43,Zhanjiang,China,China,110.408410,21.212128,2025,7.982518,-0.169085,0.042445,0.000000,0.042445,0.563969,0.775499,-0.211530,0.047936,0.000000,0.047936,0.000087,0.047850,False,2025
port517,44,Jiangyin,China,China,120.159341,31.932404,2017,22.533476,0.000000,0.000000,0.000000,0.000000,0.000000,0.000000,0.000000,0.000000,0.000000,0.000000,0.000000,0.000000,False,2017
port517,44,Jiangyin,China,China,120.159341,31.932404,2018,22.288179,-0.245297,0.012549,0.070850,-0.058301,0.033923,0.220919,-0.186996,0.046472,0.291769,-0.245297,-0.058301,-0.186996,False,2018
port517,44,Jiangyin,China,China,120.159341,31.932404,2019,22.083538,-0.449938,0.033079,0.134887,-0.101809,0.183757,0.531887,-0.348129,0.170364,0.375005,-0.204641,-0.043507,-0.161134,False,2019
port517,44,Jiangyin,China,China,120.159341,31.932404,2020,21.927675,-0.605802,0.154918,0.232892,-0.077974,0.294748,0.822576,-0.527828,0.234121,0.389985,-0.155864,0.023835,-0.179698,False,2020
port517,44,Jiangyin,China,China,120.159341,31.932404,2021,21.788262,-0.745214,0.177519,0.263686,-0.086167,0.267251,0.926299,-0.659048,0.072658,0.212071,-0.139412,-0.008193,-0.131220,False,2021
port517,44,Jiangyin,China,China,120.159341,31.932404,2022,22.535399,0.001922,0.547328,0.276319,0.271009,0.704153,0.973239,-0.269087,0.809440,0.062303,0.747136,0.357176,0.389961,False,2022
port517,44,Jiangyin,China,China,120.159341,31.932404,2023,23.440505,0.907028,0.737140,0.277323,0.459817,1.417434,0.970223,0.447211,0.907830,0.002724,0.905106,0.188809,0.716298,False,2023
port517,44,Jiangyin,China,China,120.159341,31.932404,2024,24.218367,1.684890,1.014005,0.277323,0.736682,1.918431,0.970223,0.948208,0.777862,0.000000,0.777862,0.276865,0.500997,False,2024
port517,44,Jiangyin,China,China,120.159341,31.932404,2025,24.350801,1.817325,1.070127,0.276676,0.793450,1.993379,0.969505,1.023874,0.132936,0.000502,0.132434,0.056768,0.075666,False,2025
port398,45,Gladstone,Australia,Oceania,151.215528,-23.819080,2017,20.213518,0.000000,0.000000,0.000000,0.000000,0.000000,0.000000,0.000000,0.000000,0.000000,0.000000,0.000000,0.000000,False,2017
port398,45,Gladstone,Australia,Oceania,151.215528,-23.819080,2018,19.749557,-0.463961,0.147259,0.000000,0.147259,0.023737,0.634957,-0.611220,0.170996,0.634957,-0.463961,0.147259,-0.611220,False,2018
port398,45,Gladstone,Australia,Oceania,151.215528,-23.819080,2019,19.858129,-0.355389,0.295331,0.000000,0.295331,0.152501,0.803220,-0.650719,0.276836,0.168263,0.108573,0.148072,-0.039500,False,2019
port398,45,Gladstone,Australia,Oceania,151.215528,-23.819080,2020,20.992947,0.779429,0.394028,0.000000,0.394028,1.210606,0.825204,0.385401,1.156969,0.022151,1.134818,0.098697,1.036121,False,2020
port398,45,Gladstone,Australia,Oceania,151.215528,-23.819080,2021,20.728536,0.515018,0.248602,0.000000,0.248602,1.229392,0.962976,0.266416,0.039193,0.303605,-0.264412,-0.145427,-0.118985,False,2021
port398,45,Gladstone,Australia,Oceania,151.215528,-23.819080,2022,20.640726,0.427208,0.207831,0.000000,0.207831,1.222566,1.003189,0.219377,0.036279,0.124088,-0.087810,-0.040771,-0.047039,False,2022
port398,45,Gladstone,Australia,Oceania,151.215528,-23.819080,2023,20.612176,0.398658,0.207831,0.000000,0.207831,1.240218,1.049391,0.190827,0.017652,0.046202,-0.028550,0.000000,-0.028550,False,2023
port398,45,Gladstone,Australia,Oceania,151.215528,-23.819080,2024,20.706792,0.493274,0.207831,0.000000,0.207831,1.335001,1.049557,0.285443,0.094783,0.000167,0.094616,0.000000,0.094616,False,2024
port398,45,Gladstone,Australia,Oceania,151.215528,-23.819080,2025,20.706709,0.493191,0.207831,0.000000,0.207831,1.335084,1.049724,0.285360,0.000083,0.000167,-0.000083,0.000000,-0.000083,False,2025
port133,46,Bayuquan,China,China,122.066842,40.265130,2017,27.903743,0.000000,0.000000,0.000000,0.000000,0.000000,0.000000,0.000000,0.000000,0.000000,0.000000,0.000000,0.000000,False,2017
port133,46,Bayuquan,China,China,122.066842,40.265130,2018,27.525566,-0.378177,0.000000,0.000000,0.000000,0.261052,0.639229,-0.378177,0.261052,0.639229,-0.378177,0.000000,-0.378177,False,2018
port133,46,Bayuquan,China,China,122.066842,40.265130,2019,27.773435,-0.130308,0.000000,0.000000,0.000000,0.530318,0.660626,-0.130308,0.269266,0.021397,0.247869,0.000000,0.247869,False,2019
port133,46,Bayuquan,China,China,122.066842,40.265130,2020,28.037102,0.133359,0.000000,0.000000,0.000000,0.899805,0.766446,0.133359,0.369487,0.105820,0.263667,0.000000,0.263667,False,2020
port133,46,Bayuquan,China,China,122.066842,40.265130,2021,28.000615,0.096872,0.000000,0.000000,0.000000,1.102859,1.005987,0.096872,0.203054,0.239541,-0.036487,0.000000,-0.036487,False,2021
port133,46,Bayuquan,China,China,122.066842,40.265130,2022,28.443413,0.539670,0.000000,0.000000,0.000000,1.548334,1.008664,0.539670,0.445475,0.002677,0.442798,0.000000,0.442798,False,2022
port133,46,Bayuquan,China,China,122.066842,40.265130,2023,29.669291,1.765548,0.000000,0.000000,0.000000,3.107983,1.342436,1.765548,1.560232,0.334354,1.225877,0.000000,1.225877,False,2023
port133,46,Bayuquan,China,China,122.066842,40.265130,2024,30.155175,2.251432,0.000000,0.000000,0.000000,3.593868,1.342436,2.251432,0.485885,0.000000,0.485885,0.000000,0.485885,False,2024
port133,46,Bayuquan,China,China,122.066842,40.265130,2025,30.157214,2.253471,0.000000,0.000000,0.000000,3.595674,1.342204,2.253471,0.002039,0.000000,0.002039,0.000000,0.002039,False,2025
port1095,47,Ust-Luga,Russian Federation,Europe,28.405665,59.682666,2017,6.047787,0.000000,0.000000,0.000000,0.000000,0.000000,0.000000,0.000000,0.000000,0.000000,0.000000,0.000000,0.000000,False,2017
port1095,47,Ust-Luga,Russian Federation,Europe,28.405665,59.682666,2018,6.000352,-0.047436,0.000000,0.000000,0.000000,0.008708,0.056144,-0.047436,0.008708,0.056144,-0.047436,0.000000,-0.047436,False,2018
port1095,47,Ust-Luga,Russian Federation,Europe,28.405665,59.682666,2019,6.052363,0.004576,0.000000,0.000000,0.000000,0.061513,0.056937,0.004576,0.052805,0.000793,0.052011,0.000000,0.052011,False,2019
port1095,47,Ust-Luga,Russian Federation,Europe,28.405665,59.682666,2020,6.528044,0.480257,0.091428,0.000000,0.091428,0.463547,0.074718,0.388829,0.493462,0.017781,0.475681,0.091428,0.384254,False,2020
port1095,47,Ust-Luga,Russian Federation,Europe,28.405665,59.682666,2021,6.638810,0.591023,0.097354,0.000000,0.097354,0.625762,0.132093,0.493669,0.168397,0.057631,0.110766,0.005926,0.104840,False,2021
port1095,47,Ust-Luga,Russian Federation,Europe,28.405665,59.682666,2022,7.653487,1.605699,0.366696,0.000000,0.366696,1.375477,0.136474,1.239003,1.029814,0.015137,1.014676,0.269342,0.745335,False,2022
port1095,47,Ust-Luga,Russian Federation,Europe,28.405665,59.682666,2023,8.533105,2.485317,0.448563,0.000000,0.448563,2.230331,0.193577,2.036754,0.940510,0.060892,0.879618,0.081867,0.797751,False,2023
port1095,47,Ust-Luga,Russian Federation,Europe,28.405665,59.682666,2024,9.427833,3.380046,0.580992,0.000000,0.580992,3.003046,0.203992,2.799054,0.905298,0.010569,0.894729,0.132429,0.762300,False,2024
port1095,47,Ust-Luga,Russian Federation,Europe,28.405665,59.682666,2025,9.754662,3.706874,0.603855,0.000000,0.603855,3.306909,0.203890,3.103019,0.326828,0.000000,0.326828,0.022863,0.303965,False,2025
port644,48,Lianyungang,China,China,119.435966,34.741330,2017,7.992336,0.000000,0.000000,0.000000,0.000000,0.000000,0.000000,0.000000,0.000000,0.000000,0.000000,0.000000,0.000000,False,2017
port644,48,Lianyungang,China,China,119.435966,34.741330,2018,8.075691,0.083355,0.000000,0.000000,0.000000,0.099526,0.016171,0.083355,0.099526,0.016171,0.083355,0.000000,0.083355,False,2018
port644,48,Lianyungang,China,China,119.435966,34.741330,2019,7.977605,-0.014731,0.000000,0.000000,0.000000,0.102894,0.117625,-0.014731,0.003368,0.101454,-0.098085,0.000000,-0.098085,False,2019
port644,48,Lianyungang,China,China,119.435966,34.741330,2020,7.969184,-0.023152,0.000000,0.000000,0.000000,0.104983,0.128134,-0.023152,0.002290,0.010712,-0.008421,0.000000,-0.008421,False,2020
port644,48,Lianyungang,China,China,119.435966,34.741330,2021,7.992448,0.000112,0.001886,0.000000,0.001886,0.130335,0.132109,-0.001774,0.027239,0.003975,0.023264,0.001886,0.021378,False,2021
port644,48,Lianyungang,China,China,119.435966,34.741330,2022,8.004844,0.012509,0.002291,0.000000,0.002291,0.155665,0.145447,0.010218,0.025735,0.013338,0.012397,0.000404,0.011992,False,2022
port644,48,Lianyungang,China,China,119.435966,34.741330,2023,8.319685,0.327349,0.003571,0.000000,0.003571,0.470842,0.147064,0.323778,0.316457,0.001617,0.314840,0.001280,0.313560,False,2023
port644,48,Lianyungang,China,China,119.435966,34.741330,2024,8.323323,0.330987,0.003571,0.000000,0.003571,0.474481,0.147064,0.327417,0.003638,0.000000,0.003638,0.000000,0.003638,False,2024
port644,48,Lianyungang,China,China,119.435966,34.741330,2025,8.350882,0.358546,0.003571,0.000000,0.003571,0.494223,0.139248,0.354975,0.027559,0.000000,0.027559,0.000000,0.027559,False,2025
port458,49,Hay Point,Australia,Oceania,149.287454,-21.281241,2017,1.817629,0.000000,0.000000,0.000000,0.000000,0.000000,0.000000,0.000000,0.000000,0.000000,0.000000,0.000000,0.000000,False,2017
port458,49,Hay Point,Australia,Oceania,149.287454,-21.281241,2018,1.812186,-0.005443,0.000000,0.000000,0.000000,0.000000,0.005443,-0.005443,0.000000,0.005443,-0.005443,0.000000,-0.005443,False,2018
port458,49,Hay Point,Australia,Oceania,149.287454,-21.281241,2019,1.811927,-0.005702,0.000000,0.000000,0.000000,0.000000,0.005702,-0.005702,0.000000,0.000259,-0.000259,0.000000,-0.000259,False,2019
port458,49,Hay Point,Australia,Oceania,149.287454,-21.281241,2020,1.811927,-0.005702,0.000000,0.000000,0.000000,0.000000,0.005702,-0.005702,0.000000,0.000000,0.000000,0.000000,0.000000,False,2020
port458,49,Hay Point,Australia,Oceania,149.287454,-21.281241,2021,1.812445,-0.005184,0.000000,0.000000,0.000000,0.000518,0.005702,-0.005184,0.000518,0.000000,0.000518,0.000000,0.000518,False,2021
port458,49,Hay Point,Australia,Oceania,149.287454,-21.281241,2022,1.832584,0.014955,0.000000,0.000000,0.000000,0.020657,0.005702,0.014955,0.020139,0.000000,0.020139,0.000000,0.020139,False,2022
port458,49,Hay Point,Australia,Oceania,149.287454,-21.281241,2023,1.836299,0.018670,0.000000,0.000000,0.000000,0.024372,0.005702,0.018670,0.003715,0.000000,0.003715,0.000000,0.003715,False,2023
port458,49,Hay Point,Australia,Oceania,149.287454,-21.281241,2024,1.836299,0.018670,0.000000,0.000000,0.000000,0.024372,0.005702,0.018670,0.000000,0.000000,0.000000,0.000000,0.000000,False,2024
port458,49,Hay Point,Australia,Oceania,149.287454,-21.281241,2025,1.837854,0.020225,0.000000,0.000000,0.000000,0.025927,0.005702,0.020225,0.001555,0.000000,0.001555,0.000000,0.001555,False,2025
port1073,50,Qiwei,China,China,120.617624,31.998318,2017,44.605360,0.000000,0.000000,0.000000,0.000000,0.000000,0.000000,0.000000,0.000000,0.000000,0.000000,0.000000,0.000000,False,2017
port1073,50,Qiwei,China,China,120.617624,31.998318,2018,44.533777,-0.071583,0.176645,0.084492,0.092153,0.153442,0.317178,-0.163736,0.330088,0.401671,-0.071583,0.092153,-0.163736,False,2018
port1073,50,Qiwei,China,China,120.617624,31.998318,2019,45.224805,0.619444,0.499737,0.286749,0.212988,1.241576,0.835120,0.406456,1.411226,0.720198,0.691027,0.120835,0.570192,False,2019
port1073,50,Qiwei,China,China,120.617624,31.998318,2020,45.163474,0.558113,0.716944,0.435255,0.281689,1.563470,1.287046,0.276424,0.539819,0.601150,-0.061331,0.068701,-0.130032,False,2020
port1073,50,Qiwei,China,China,120.617624,31.998318,2021,45.735944,1.130584,0.878807,0.506805,0.372002,2.318984,1.560402,0.758582,0.922319,0.349849,0.572470,0.090313,0.482157,False,2021
port1073,50,Qiwei,China,China,120.617624,31.998318,2022,46.483801,1.878441,1.014161,0.718364,0.295797,3.453462,1.870818,1.582644,1.338040,0.590183,0.747857,-0.076205,0.824062,False,2022
port1073,50,Qiwei,China,China,120.617624,31.998318,2023,48.043116,3.437756,1.308660,0.736116,0.572544,4.743907,1.878695,2.865212,1.594050,0.034735,1.559315,0.276747,1.282568,False,2023
port1073,50,Qiwei,China,China,120.617624,31.998318,2024,49.097295,4.491935,1.644504,0.739626,0.904878,5.465752,1.878695,3.587057,1.058550,0.004371,1.054179,0.332334,0.721845,False,2024
port1073,50,Qiwei,China,China,120.617624,31.998318,2025,50.131421,5.526061,1.997784,0.739698,1.258086,6.146670,1.878695,4.267975,1.034197,0.000072,1.034126,0.353208,0.680918,False,2025
port1350,51,Vancouver,Canada,Americas,-123.028904,49.289964,2017,4.789032,0.000000,0.000000,0.000000,0.000000,0.000000,0.000000,0.000000,0.000000,0.000000,0.000000,0.000000,0.000000,False,2017
port1350,51,Vancouver,Canada,Americas,-123.028904,49.289964,2018,4.774514,-0.014518,0.000000,0.000000,0.000000,0.006298,0.020816,-0.014518,0.006298,0.020816,-0.014518,0.000000,-0.014518,False,2018
port1350,51,Vancouver,Canada,Americas,-123.028904,49.289964,2019,4.783368,-0.005664,0.000043,0.000000,0.000043,0.016896,0.022603,-0.005707,0.010641,0.001787,0.008853,0.000043,0.008811,False,2019
port1350,51,Vancouver,Canada,Americas,-123.028904,49.289964,2020,4.837620,0.048588,0.010178,0.000000,0.010178,0.064375,0.025965,0.038410,0.058338,0.004086,0.054252,0.010136,0.044117,False,2020
port1350,51,Vancouver,Canada,Americas,-123.028904,49.289964,2021,4.849758,0.060727,0.025125,0.000000,0.025125,0.082894,0.047293,0.035602,0.033679,0.021540,0.012139,0.014947,-0.002808,False,2021
port1350,51,Vancouver,Canada,Americas,-123.028904,49.289964,2022,4.845971,0.056940,0.025636,0.000000,0.025636,0.098649,0.067345,0.031303,0.016734,0.020521,-0.003787,0.000511,-0.004298,False,2022
port1350,51,Vancouver,Canada,Americas,-123.028904,49.289964,2023,4.801088,0.012056,0.024061,0.000000,0.024061,0.102101,0.114106,-0.012004,0.009071,0.053954,-0.044883,-0.001576,-0.043308,False,2023
port1350,51,Vancouver,Canada,Americas,-123.028904,49.289964,2024,4.826921,0.037890,0.025253,0.000000,0.025253,0.126870,0.114233,0.012637,0.025961,0.000128,0.025833,0.001192,0.024641,False,2024
port1350,51,Vancouver,Canada,Americas,-123.028904,49.289964,2025,4.831350,0.042318,0.025466,0.000000,0.025466,0.131086,0.114233,0.016853,0.004429,0.000000,0.004429,0.000213,0.004216,False,2025
port792,52,Nantong,China,China,120.837444,31.986285,2017,16.354922,0.000000,0.000000,0.000000,0.000000,0.000000,0.000000,0.000000,0.000000,0.000000,0.000000,0.000000,0.000000,False,2017
port792,52,Nantong,China,China,120.837444,31.986285,2018,15.838253,-0.516669,0.038955,0.125143,-0.086187,0.131703,0.562184,-0.430481,0.170658,0.687327,-0.516669,-0.086187,-0.430481,False,2018
port792,52,Nantong,China,China,120.837444,31.986285,2019,15.778358,-0.576564,0.440813,0.294387,0.146426,0.794707,1.517698,-0.722990,1.064862,1.124758,-0.059896,0.232614,-0.292509,False,2019
port792,52,Nantong,China,China,120.837444,31.986285,2020,16.267427,-0.087495,0.742003,0.336486,0.405517,1.300363,1.793374,-0.493011,0.808280,0.319210,0.489070,0.259090,0.229979,False,2020
port792,52,Nantong,China,China,120.837444,31.986285,2021,18.689127,2.334205,1.931784,0.371792,1.559992,2.682230,1.908017,0.774212,2.601910,0.180211,2.421699,1.154476,1.267224,False,2021
port792,52,Nantong,China,China,120.837444,31.986285,2022,18.949253,2.594331,2.093635,0.445307,1.648328,2.973645,2.027641,0.946004,0.458297,0.198170,0.260127,0.088335,0.171791,False,2022
port792,52,Nantong,China,China,120.837444,31.986285,2023,20.253675,3.898753,2.458689,0.468708,1.989980,4.229626,2.320854,1.908772,1.699176,0.394755,1.304421,0.341653,0.962768,False,2023
port792,52,Nantong,China,China,120.837444,31.986285,2024,21.001566,4.646644,2.675159,0.464605,2.210554,4.750826,2.314735,2.436090,0.747891,0.000000,0.747891,0.220573,0.527318,False,2024
port792,52,Nantong,China,China,120.837444,31.986285,2025,22.263867,5.908945,3.002569,0.464605,2.537964,5.684857,2.313876,3.370981,1.262301,0.000000,1.262301,0.327410,0.934891,False,2025
port112,53,Banjarmasin,Indonesia,Southeast Asia,114.562927,-3.288021,2017,0.676772,0.000000,0.000000,0.000000,0.000000,0.000000,0.000000,0.000000,0.000000,0.000000,0.000000,0.000000,0.000000,False,2017
port112,53,Banjarmasin,Indonesia,Southeast Asia,114.562927,-3.288021,2018,0.666178,-0.010593,0.000000,0.000000,0.000000,0.000297,0.010890,-0.010593,0.000297,0.010890,-0.010593,0.000000,-0.010593,False,2018
port112,53,Banjarmasin,Indonesia,Southeast Asia,114.562927,-3.288021,2019,0.657862,-0.018910,0.000099,0.000000,0.000099,0.000396,0.019405,-0.019009,0.000198,0.008514,-0.008316,0.000099,-0.008415,False,2019
port112,53,Banjarmasin,Indonesia,Southeast Asia,114.562927,-3.288021,2020,0.672711,-0.004061,0.011681,0.000000,0.011681,0.010295,0.026038,-0.015742,0.021482,0.006633,0.014849,0.011582,0.003267,False,2020
port112,53,Banjarmasin,Indonesia,Southeast Asia,114.562927,-3.288021,2021,0.692015,0.015243,0.021482,0.000000,0.021482,0.020195,0.026434,-0.006239,0.019700,0.000396,0.019304,0.009801,0.009504,False,2021
port112,53,Banjarmasin,Indonesia,Southeast Asia,114.562927,-3.288021,2022,0.690134,0.013362,0.026531,0.000000,0.026531,0.020888,0.034057,-0.013169,0.005742,0.007624,-0.001881,0.005049,-0.006931,False,2022
port112,53,Banjarmasin,Indonesia,Southeast Asia,114.562927,-3.288021,2023,0.694193,0.017421,0.028214,0.000000,0.028214,0.023264,0.034057,-0.010793,0.004059,0.000000,0.004059,0.001683,0.002376,False,2023
port112,53,Banjarmasin,Indonesia,Southeast Asia,114.562927,-3.288021,2024,0.708747,0.031975,0.038214,0.000000,0.038214,0.027818,0.034057,-0.006239,0.014554,0.000000,0.014554,0.010000,0.004554,False,2024
port112,53,Banjarmasin,Indonesia,Southeast Asia,114.562927,-3.288021,2025,0.708747,0.031975,0.038214,0.000000,0.038214,0.027818,0.034057,-0.006239,0.000000,0.000000,0.000000,0.000000,0.000000,False,2025
port1197,54,Laem Chabang,Thailand,Southeast Asia,100.899992,13.088734,2017,14.909301,0.000000,0.000000,0.000000,0.000000,0.000000,0.000000,0.000000,0.000000,0.000000,0.000000,0.000000,0.000000,False,2017
port1197,54,Laem Chabang,Thailand,Southeast Asia,100.899992,13.088734,2018,14.951555,0.042253,0.013961,0.000000,0.013961,0.160804,0.132511,0.028293,0.174765,0.132511,0.042253,0.013961,0.028293,False,2018
port1197,54,Laem Chabang,Thailand,Southeast Asia,100.899992,13.088734,2019,15.312004,0.402703,0.037352,0.000000,0.037352,0.577554,0.212203,0.365351,0.440141,0.079692,0.360450,0.023391,0.337059,False,2019
port1197,54,Laem Chabang,Thailand,Southeast Asia,100.899992,13.088734,2020,15.446670,0.537369,0.074235,0.000000,0.074235,0.681278,0.218144,0.463134,0.140607,0.005941,0.134666,0.036883,0.097782,False,2020
port1197,54,Laem Chabang,Thailand,Southeast Asia,100.899992,13.088734,2021,15.477135,0.567834,0.090838,0.000000,0.090838,0.706266,0.229270,0.476996,0.041591,0.011126,0.030465,0.016602,0.013862,False,2021
port1197,54,Laem Chabang,Thailand,Southeast Asia,100.899992,13.088734,2022,15.773258,0.863957,0.165175,0.000000,0.165175,0.934465,0.235683,0.698782,0.303103,0.006979,0.296123,0.074337,0.221786,False,2022
port1197,54,Laem Chabang,Thailand,Southeast Asia,100.899992,13.088734,2023,15.799481,0.890180,0.184890,0.000000,0.184890,0.941068,0.235778,0.705290,0.026317,0.000094,0.026223,0.019715,0.006508,False,2023
port1197,54,Laem Chabang,Thailand,Southeast Asia,100.899992,13.088734,2024,16.607394,1.698092,0.990162,0.000000,0.990162,0.943708,0.235778,0.707931,0.807912,0.000000,0.807912,0.805272,0.002641,False,2024
port1197,54,Laem Chabang,Thailand,Southeast Asia,100.899992,13.088734,2025,16.672857,1.763556,1.016763,0.000000,1.016763,0.982287,0.235495,0.746792,0.065463,0.000000,0.065463,0.026602,0.038862,False,2025
port339,55,Fangcheng,China,China,108.364339,21.614205,2017,16.200693,0.000000,0.000000,0.000000,0.000000,0.000000,0.000000,0.000000,0.000000,0.000000,0.000000,0.000000,0.000000,False,2017
port339,55,Fangcheng,China,China,108.364339,21.614205,2018,17.395550,1.194857,0.070311,0.000000,0.070311,1.189441,0.064895,1.124546,1.259753,0.064895,1.194857,0.070311,1.124546,False,2018
port339,55,Fangcheng,China,China,108.364339,21.614205,2019,17.815710,1.615018,0.223507,0.000000,0.223507,2.830534,1.439023,1.391510,1.809582,1.389422,0.420160,0.153196,0.266964,False,2019
port339,55,Fangcheng,China,China,108.364339,21.614205,2020,24.495122,8.294430,0.892398,0.000000,0.892398,8.851641,1.449610,7.402032,6.689999,0.010587,6.679412,0.668891,6.010521,False,2020
port339,55,Fangcheng,China,China,108.364339,21.614205,2021,23.960828,7.760136,0.967776,0.000000,0.967776,8.532222,1.739862,6.792360,0.165879,0.700173,-0.534294,0.075378,-0.609672,False,2021
port339,55,Fangcheng,China,China,108.364339,21.614205,2022,24.275702,8.075010,0.923777,0.000000,0.923777,8.957871,1.806638,7.151233,1.324234,1.009360,0.314874,-0.043999,0.358873,False,2022
port339,55,Fangcheng,China,China,108.364339,21.614205,2023,25.077268,8.876575,1.127409,0.000000,1.127409,9.555804,1.806638,7.749166,0.801565,0.000000,0.801565,0.203633,0.597933,False,2023
port339,55,Fangcheng,China,China,108.364339,21.614205,2024,26.087623,9.886930,1.215520,0.000000,1.215520,10.478048,1.806638,8.671410,1.010355,0.000000,1.010355,0.088110,0.922245,False,2024
port339,55,Fangcheng,China,China,108.364339,21.614205,2025,26.145691,9.944998,1.223348,0.000000,1.223348,10.528287,1.806638,8.721649,0.058068,0.000000,0.058068,0.007829,0.050239,False,2025
port362,56,Al Fujayrah,United Arab Emirates,Middle East and North Africa,56.359421,25.200173,2017,9.012020,0.000000,0.000000,0.000000,0.000000,0.000000,0.000000,0.000000,0.000000,0.000000,0.000000,0.000000,0.000000,False,2017
port362,56,Al Fujayrah,United Arab Emirates,Middle East and North Africa,56.359421,25.200173,2018,8.724203,-0.287817,0.000000,0.000000,0.000000,0.001386,0.289203,-0.287817,0.001386,0.289203,-0.287817,0.000000,-0.287817,False,2018
port362,56,Al Fujayrah,United Arab Emirates,Middle East and North Africa,56.359421,25.200173,2019,8.512921,-0.499099,0.000000,0.000000,0.000000,0.020471,0.519569,-0.499099,0.019084,0.230367,-0.211282,0.000000,-0.211282,False,2019
port362,56,Al Fujayrah,United Arab Emirates,Middle East and North Africa,56.359421,25.200173,2020,8.515696,-0.496324,0.000000,0.000000,0.000000,0.040782,0.537106,-0.496324,0.020311,0.017537,0.002774,0.000000,0.002774,False,2020
port362,56,Al Fujayrah,United Arab Emirates,Middle East and North Africa,56.359421,25.200173,2021,8.576961,-0.435059,0.000000,0.000000,0.000000,0.104820,0.539879,-0.435059,0.064038,0.002773,0.061265,0.000000,0.061265,False,2021
port362,56,Al Fujayrah,United Arab Emirates,Middle East and North Africa,56.359421,25.200173,2022,8.773762,-0.238258,0.000245,0.000000,0.000245,0.325247,0.563750,-0.238503,0.220672,0.023871,0.196801,0.000245,0.196556,False,2022
port362,56,Al Fujayrah,United Arab Emirates,Middle East and North Africa,56.359421,25.200173,2023,8.812395,-0.199625,0.000245,0.000000,0.000245,0.363880,0.563750,-0.199870,0.038633,0.000000,0.038633,0.000000,0.038633,False,2023
port362,56,Al Fujayrah,United Arab Emirates,Middle East and North Africa,56.359421,25.200173,2024,8.868639,-0.143381,0.000245,0.000000,0.000245,0.420043,0.563669,-0.143626,0.056244,0.000000,0.056244,0.000000,0.056244,False,2024
port362,56,Al Fujayrah,United Arab Emirates,Middle East and North Africa,56.359421,25.200173,2025,9.084633,0.072613,0.000245,0.000000,0.000245,0.635547,0.563179,0.072368,0.215994,0.000000,0.215994,0.000000,0.215994,False,2025
port31,57,Algeciras,Spain,Europe,-5.414267,36.165922,2017,10.616222,0.000000,0.000000,0.000000,0.000000,0.000000,0.000000,0.000000,0.000000,0.000000,0.000000,0.000000,0.000000,False,2017
port31,57,Algeciras,Spain,Europe,-5.414267,36.165922,2018,10.209570,-0.406652,0.000260,0.000000,0.000260,0.007354,0.414266,-0.406912,0.007615,0.414266,-0.406652,0.000260,-0.406912,False,2018
port31,57,Algeciras,Spain,Europe,-5.414267,36.165922,2019,10.379998,-0.236224,0.000846,0.000000,0.000846,0.190993,0.428062,-0.237070,0.184224,0.013796,0.170428,0.000585,0.169843,False,2019
port31,57,Algeciras,Spain,Europe,-5.414267,36.165922,2020,10.345965,-0.270257,0.000846,0.000000,0.000846,0.195027,0.466130,-0.271102,0.004295,0.038328,-0.034033,0.000000,-0.034033,False,2020
port31,57,Algeciras,Spain,Europe,-5.414267,36.165922,2021,10.221406,-0.394816,0.001692,0.000000,0.001692,0.253568,0.650077,-0.396508,0.059712,0.184272,-0.124560,0.000846,-0.125406,False,2021
port31,57,Algeciras,Spain,Europe,-5.414267,36.165922,2022,10.213537,-0.402685,0.002473,0.000000,0.002473,0.253439,0.658597,-0.405158,0.001953,0.009821,-0.007868,0.000781,-0.008650,False,2022
port31,57,Algeciras,Spain,Europe,-5.414267,36.165922,2023,10.123736,-0.492486,0.002799,0.000000,0.002799,0.255780,0.751065,-0.495284,0.003903,0.093704,-0.089801,0.000326,-0.090127,False,2023
port31,57,Algeciras,Spain,Europe,-5.414267,36.165922,2024,10.142229,-0.473993,0.002799,0.000000,0.002799,0.274273,0.751065,-0.476792,0.018492,0.000000,0.018492,0.000000,0.018492,False,2024
port31,57,Algeciras,Spain,Europe,-5.414267,36.165922,2025,10.142684,-0.473538,0.002799,0.000000,0.002799,0.274728,0.751065,-0.476337,0.000456,0.000000,0.000456,0.000000,0.000456,False,2025
port2401,58,Guangzhou (Huangpu),China,China,113.512571,23.043240,2017,16.024258,0.000000,0.000000,0.000000,0.000000,0.000000,0.000000,0.000000,0.000000,0.000000,0.000000,0.000000,0.000000,False,2017
port2401,58,Guangzhou (Huangpu),China,China,113.512571,23.043240,2018,15.609430,-0.414828,0.066399,0.000000,0.066399,0.113036,0.594263,-0.481227,0.179435,0.594263,-0.414828,0.066399,-0.481227,False,2018
port2401,58,Guangzhou (Huangpu),China,China,113.512571,23.043240,2019,16.088549,0.064292,0.127763,0.000000,0.127763,0.577325,0.640796,-0.063471,0.525653,0.046533,0.479119,0.061364,0.417756,False,2019
port2401,58,Guangzhou (Huangpu),China,China,113.512571,23.043240,2020,16.102398,0.078140,0.298867,0.000000,0.298867,0.808604,1.029331,-0.220726,0.402889,0.389040,0.013848,0.171104,-0.157255,False,2020
port2401,58,Guangzhou (Huangpu),China,China,113.512571,23.043240,2021,16.290737,0.266480,0.465724,0.000000,0.465724,0.909530,1.108774,-0.199244,0.331937,0.143598,0.188340,0.166858,0.021482,False,2021
port2401,58,Guangzhou (Huangpu),China,China,113.512571,23.043240,2022,16.290751,0.266494,0.474335,0.000000,0.474335,0.923786,1.131628,-0.207841,0.023374,0.023360,0.000014,0.008611,-0.008597,False,2022
port2401,58,Guangzhou (Huangpu),China,China,113.512571,23.043240,2023,17.403126,1.378868,0.797258,0.000000,0.797258,1.728908,1.147298,0.581610,1.177744,0.065370,1.112374,0.322923,0.789451,False,2023
port2401,58,Guangzhou (Huangpu),China,China,113.512571,23.043240,2024,17.711641,1.687383,0.831824,0.000000,0.831824,2.000408,1.144849,0.855559,0.308600,0.000084,0.308515,0.034566,0.273950,False,2024
port2401,58,Guangzhou (Huangpu),China,China,113.512571,23.043240,2025,17.781881,1.757623,0.835114,0.000000,0.835114,2.063222,1.140712,0.922510,0.070240,0.000000,0.070240,0.003290,0.066951,False,2025
port518,59,Jeddah,Saudi Arabia,Middle East and North Africa,39.166406,21.460797,2017,15.905951,0.000000,0.000000,0.000000,0.000000,0.000000,0.000000,0.000000,0.000000,0.000000,0.000000,0.000000,0.000000,False,2017
port518,59,Jeddah,Saudi Arabia,Middle East and North Africa,39.166406,21.460797,2018,15.905621,-0.000330,0.000000,0.000000,0.000000,0.033716,0.034046,-0.000330,0.033716,0.034046,-0.000330,0.000000,-0.000330,False,2018
port518,59,Jeddah,Saudi Arabia,Middle East and North Africa,39.166406,21.460797,2019,16.064830,0.158879,0.000000,0.000000,0.000000,0.204303,0.045424,0.158879,0.170587,0.011378,0.159209,0.000000,0.159209,False,2019
port518,59,Jeddah,Saudi Arabia,Middle East and North Africa,39.166406,21.460797,2020,16.071812,0.165861,0.000086,0.000000,0.000086,0.211802,0.046027,0.165775,0.007585,0.000603,0.006982,0.000086,0.006895,False,2020
port518,59,Jeddah,Saudi Arabia,Middle East and North Africa,39.166406,21.460797,2021,16.071294,0.165343,0.000086,0.000000,0.000086,0.231626,0.066369,0.165257,0.019824,0.020342,-0.000518,0.000000,-0.000518,False,2021
port518,59,Jeddah,Saudi Arabia,Middle East and North Africa,39.166406,21.460797,2022,15.968861,0.062910,0.000086,0.000000,0.000086,0.247921,0.185097,0.062824,0.017674,0.120107,-0.102433,0.000000,-0.102433,False,2022
port518,59,Jeddah,Saudi Arabia,Middle East and North Africa,39.166406,21.460797,2023,16.219415,0.313464,0.051724,0.000000,0.051724,0.457698,0.195958,0.261740,0.264346,0.013792,0.250554,0.051638,0.198917,False,2023
port518,59,Jeddah,Saudi Arabia,Middle East and North Africa,39.166406,21.460797,2024,16.538611,0.632660,0.062074,0.000000,0.062074,0.766200,0.195614,0.570586,0.319196,0.000000,0.319196,0.010350,0.308846,False,2024
port518,59,Jeddah,Saudi Arabia,Middle East and North Africa,39.166406,21.460797,2025,16.782626,0.876675,0.090280,0.000000,0.090280,0.982009,0.195614,0.786395,0.244015,0.000000,0.244015,0.028206,0.215809,False,2025
port833,60,Novorossiysk,Russian Federation,Europe,37.808721,44.723456,2017,5.198140,0.000000,0.000000,0.000000,0.000000,0.000000,0.000000,0.000000,0.000000,0.000000,0.000000,0.000000,0.000000,False,2017
port833,60,Novorossiysk,Russian Federation,Europe,37.808721,44.723456,2018,5.169826,-0.028314,0.000000,0.000000,0.000000,0.004543,0.032857,-0.028314,0.004543,0.032857,-0.028314,0.000000,-0.028314,False,2018
port833,60,Novorossiysk,Russian Federation,Europe,37.808721,44.723456,2019,5.251446,0.053306,0.029585,0.000000,0.029585,0.066420,0.042699,0.023721,0.091462,0.009842,0.081620,0.029585,0.052035,False,2019
port833,60,Novorossiysk,Russian Federation,Europe,37.808721,44.723456,2020,5.289394,0.091254,0.031402,0.000000,0.031402,0.146973,0.087122,0.059852,0.082522,0.044574,0.037948,0.001817,0.036131,False,2020
port833,60,Novorossiysk,Russian Federation,Europe,37.808721,44.723456,2021,5.108783,-0.089356,0.042157,0.000000,0.042157,0.153332,0.284845,-0.131513,0.017265,0.197875,-0.180610,0.010755,-0.191365,False,2021
port833,60,Novorossiysk,Russian Federation,Europe,37.808721,44.723456,2022,5.151312,-0.046827,0.045944,0.000000,0.045944,0.194849,0.287621,-0.092772,0.045456,0.002927,0.042529,0.003787,0.038742,False,2022
port833,60,Novorossiysk,Russian Federation,Europe,37.808721,44.723456,2023,5.181343,-0.016797,0.051145,0.000000,0.051145,0.219780,0.287722,-0.067942,0.030131,0.000101,0.030030,0.005201,0.024830,False,2023
port833,60,Novorossiysk,Russian Federation,Europe,37.808721,44.723456,2024,5.528922,0.330782,0.053669,0.000000,0.053669,0.406854,0.129741,0.277113,0.348740,0.001161,0.347579,0.002524,0.345055,False,2024
port833,60,Novorossiysk,Russian Federation,Europe,37.808721,44.723456,2025,5.637238,0.439099,0.068410,0.000000,0.068410,0.500330,0.129640,0.370689,0.108317,0.000000,0.108317,0.014740,0.093576,False,2025
port1328,61,Tubarao,Brazil,Americas,-40.237875,-20.258827,2017,10.764483,0.000000,0.000000,0.000000,0.000000,0.000000,0.000000,0.000000,0.000000,0.000000,0.000000,0.000000,0.000000,False,2017
port1328,61,Tubarao,Brazil,Americas,-40.237875,-20.258827,2018,10.610260,-0.154223,0.000700,0.000000,0.000700,0.081459,0.236382,-0.154923,0.082159,0.236382,-0.154223,0.000700,-0.154923,False,2018
port1328,61,Tubarao,Brazil,Americas,-40.237875,-20.258827,2019,10.269187,-0.495295,0.000700,0.000000,0.000700,0.094507,0.590503,-0.495996,0.013048,0.354120,-0.341072,0.000000,-0.341072,False,2019
port1328,61,Tubarao,Brazil,Americas,-40.237875,-20.258827,2020,10.335620,-0.428862,0.000700,0.000000,0.000700,0.199829,0.629391,-0.429562,0.105322,0.038889,0.066433,0.000000,0.066433,False,2020
port1328,61,Tubarao,Brazil,Americas,-40.237875,-20.258827,2021,11.315638,0.551155,0.000963,0.000000,0.000963,1.179759,0.629567,0.550193,0.980193,0.000175,0.980018,0.000263,0.979755,False,2021
port1328,61,Tubarao,Brazil,Americas,-40.237875,-20.258827,2022,11.908112,1.143630,0.005689,0.000000,0.005689,1.768734,0.630793,1.137941,0.596766,0.004292,0.592474,0.004726,0.587748,False,2022
port1328,61,Tubarao,Brazil,Americas,-40.237875,-20.258827,2023,12.736056,1.971573,0.005689,0.000000,0.005689,2.496342,0.530457,1.965885,0.896525,0.068581,0.827944,0.000000,0.827944,False,2023
port1328,61,Tubarao,Brazil,Americas,-40.237875,-20.258827,2024,12.942402,2.177920,0.005689,0.000000,0.005689,2.702688,0.530457,2.172231,0.206346,0.000000,0.206346,0.000000,0.206346,False,2024
port1328,61,Tubarao,Brazil,Americas,-40.237875,-20.258827,2025,12.983825,2.219342,0.005689,0.000000,0.005689,2.744111,0.530457,2.213653,0.041423,0.000000,0.041423,0.000000,0.041423,False,2025
port1214,62,South Louisiana,United States,Americas,-90.867811,30.123795,2017,39.781364,0.000000,0.000000,0.000000,0.000000,0.000000,0.000000,0.000000,0.000000,0.000000,0.000000,0.000000,0.000000,False,2017
port1214,62,South Louisiana,United States,Americas,-90.867811,30.123795,2018,40.027043,0.245678,0.211583,0.000000,0.211583,0.036330,0.002235,0.034095,0.247914,0.002235,0.245678,0.211583,0.034095,False,2018
port1214,62,South Louisiana,United States,Americas,-90.867811,30.123795,2019,40.324488,0.543124,0.556526,0.000000,0.556526,0.052457,0.065859,-0.013402,0.361069,0.063623,0.297446,0.344942,-0.047497,False,2019
port1214,62,South Louisiana,United States,Americas,-90.867811,30.123795,2020,40.437081,0.655716,0.646132,0.000000,0.646132,0.076637,0.067052,0.009585,0.113786,0.001194,0.112592,0.089606,0.022986,False,2020
port1214,62,South Louisiana,United States,Americas,-90.867811,30.123795,2021,40.623420,0.842055,0.818251,0.000000,0.818251,0.093985,0.070181,0.023804,0.189468,0.003129,0.186339,0.172120,0.014219,False,2021
port1214,62,South Louisiana,United States,Americas,-90.867811,30.123795,2022,40.720558,0.939194,0.897135,0.000000,0.897135,0.114626,0.072567,0.042059,0.099525,0.002386,0.097139,0.078884,0.018255,False,2022
port1214,62,South Louisiana,United States,Americas,-90.867811,30.123795,2023,40.940686,1.159322,1.104991,0.000000,1.104991,0.128912,0.074581,0.054330,0.222142,0.002014,0.220128,0.207856,0.012272,False,2023
port1214,62,South Louisiana,United States,Americas,-90.867811,30.123795,2024,41.418952,1.637588,1.582365,0.000000,1.582365,0.130028,0.074805,0.055223,0.478489,0.000224,0.478266,0.477374,0.000892,False,2024
port1214,62,South Louisiana,United States,Americas,-90.867811,30.123795,2025,41.419994,1.638630,1.583258,0.000000,1.583258,0.130251,0.074879,0.055372,0.001192,0.000149,0.001043,0.000894,0.000149,False,2025
port1099,63,Richards Bay,South Africa,Sub-Saharan Africa,32.039373,-28.792399,2017,9.460853,0.000000,0.000000,0.000000,0.000000,0.000000,0.000000,0.000000,0.000000,0.000000,0.000000,0.000000,0.000000,False,2017
port1099,63,Richards Bay,South Africa,Sub-Saharan Africa,32.039373,-28.792399,2018,9.466433,0.005580,0.000000,0.000000,0.000000,0.039484,0.033904,0.005580,0.039484,0.033904,0.005580,0.000000,0.005580,False,2018
port1099,63,Richards Bay,South Africa,Sub-Saharan Africa,32.039373,-28.792399,2019,9.536111,0.075259,0.000000,0.000000,0.000000,0.123090,0.047832,0.075259,0.083606,0.013928,0.069678,0.000000,0.069678,False,2019
port1099,63,Richards Bay,South Africa,Sub-Saharan Africa,32.039373,-28.792399,2020,9.577531,0.116678,0.000000,0.000000,0.000000,0.170402,0.053724,0.116678,0.047312,0.005892,0.041419,0.000000,0.041419,False,2020
port1099,63,Richards Bay,South Africa,Sub-Saharan Africa,32.039373,-28.792399,2021,9.577303,0.116451,0.000153,0.000000,0.000153,0.181500,0.065202,0.116298,0.011327,0.011555,-0.000227,0.000153,-0.000380,False,2021
port1099,63,Richards Bay,South Africa,Sub-Saharan Africa,32.039373,-28.792399,2022,9.583809,0.122956,0.000689,0.000000,0.000689,0.194436,0.072169,0.122268,0.013855,0.007350,0.006506,0.000536,0.005970,False,2022
port1099,63,Richards Bay,South Africa,Sub-Saharan Africa,32.039373,-28.792399,2023,9.590622,0.129770,0.000689,0.000000,0.000689,0.202551,0.073470,0.129081,0.008497,0.001684,0.006813,0.000000,0.006813,False,2023
port1099,63,Richards Bay,South Africa,Sub-Saharan Africa,32.039373,-28.792399,2024,9.624147,0.163294,0.000689,0.000000,0.000689,0.236075,0.073470,0.162605,0.033524,0.000000,0.033524,0.000000,0.033524,False,2024
port1099,63,Richards Bay,South Africa,Sub-Saharan Africa,32.039373,-28.792399,2025,9.624147,0.163294,0.000689,0.000000,0.000689,0.236075,0.073470,0.162605,0.000000,0.000000,0.000000,0.000000,0.000000,False,2025
port2045,64,Porto de Itaguai,Brazil,Americas,-43.818364,-22.936302,2017,11.137942,0.000000,0.000000,0.000000,0.000000,0.000000,0.000000,0.000000,0.000000,0.000000,0.000000,0.000000,0.000000,False,2017
port2045,64,Porto de Itaguai,Brazil,Americas,-43.818364,-22.936302,2018,11.026143,-0.111799,0.000675,0.000000,0.000675,0.000169,0.112643,-0.112474,0.000844,0.112643,-0.111799,0.000675,-0.112474,False,2018
port2045,64,Porto de Itaguai,Brazil,Americas,-43.818364,-22.936302,2019,10.791901,-0.346041,0.007599,0.000000,0.007599,0.000422,0.354062,-0.353640,0.007176,0.241419,-0.234243,0.006923,-0.241166,False,2019
port2045,64,Porto de Itaguai,Brazil,Americas,-43.818364,-22.936302,2020,10.773154,-0.364788,0.009372,0.000000,0.009372,0.000844,0.375004,-0.374159,0.002195,0.020941,-0.018746,0.001773,-0.020519,False,2020
port2045,64,Porto de Itaguai,Brazil,Americas,-43.818364,-22.936302,2021,10.751283,-0.386659,0.013593,0.000000,0.013593,0.000844,0.401097,-0.400252,0.004221,0.026093,-0.021872,0.004221,-0.026093,False,2021
port2045,64,Porto de Itaguai,Brazil,Americas,-43.818364,-22.936302,2022,10.700448,-0.437494,0.019587,0.000000,0.019587,0.003969,0.461051,-0.457082,0.009119,0.059954,-0.050835,0.005994,-0.056829,False,2022
port2045,64,Porto de Itaguai,Brazil,Americas,-43.818364,-22.936302,2023,10.698421,-0.439521,0.019587,0.000000,0.019587,0.003969,0.463077,-0.459108,0.000000,0.002026,-0.002026,0.000000,-0.002026,False,2023
port2045,64,Porto de Itaguai,Brazil,Americas,-43.818364,-22.936302,2024,10.751031,-0.386912,0.019587,0.000000,0.019587,0.026010,0.432509,-0.406499,0.052609,0.000000,0.052609,0.000000,0.052609,False,2024
port2045,64,Porto de Itaguai,Brazil,Americas,-43.818364,-22.936302,2025,10.751791,-0.386151,0.019587,0.000000,0.019587,0.026601,0.432340,-0.405739,0.000760,0.000000,0.000760,0.000000,0.000760,False,2025
port570,65,King Fahd Port,Saudi Arabia,Middle East and North Africa,38.271704,23.950875,2017,30.520016,0.000000,0.000000,0.000000,0.000000,0.000000,0.000000,0.000000,0.000000,0.000000,0.000000,0.000000,0.000000,False,2017
port570,65,King Fahd Port,Saudi Arabia,Middle East and North Africa,38.271704,23.950875,2018,30.546941,0.026925,0.000000,0.000000,0.000000,0.044888,0.017962,0.026925,0.044888,0.017962,0.026925,0.000000,0.026925,False,2018
port570,65,King Fahd Port,Saudi Arabia,Middle East and North Africa,38.271704,23.950875,2019,32.016921,1.496905,0.005323,0.000000,0.005323,1.982997,0.491415,1.491583,1.943432,0.473452,1.469980,0.005323,1.464657,False,2019
port570,65,King Fahd Port,Saudi Arabia,Middle East and North Africa,38.271704,23.950875,2020,32.014762,1.494746,0.006071,0.000000,0.006071,1.987654,0.498978,1.488675,0.005404,0.007564,-0.002159,0.000748,-0.002907,False,2020
port570,65,King Fahd Port,Saudi Arabia,Middle East and North Africa,38.271704,23.950875,2021,32.022083,1.502067,0.006071,0.000000,0.006071,1.998133,0.502137,1.495996,0.014221,0.006900,0.007321,0.000000,0.007321,False,2021
port570,65,King Fahd Port,Saudi Arabia,Middle East and North Africa,38.271704,23.950875,2022,32.024413,1.504397,0.006154,0.000000,0.006154,2.005949,0.507706,1.498243,0.007899,0.005569,0.002330,0.000083,0.002247,False,2022
port570,65,King Fahd Port,Saudi Arabia,Middle East and North Africa,38.271704,23.950875,2023,31.173468,0.653453,0.006736,0.000000,0.006736,1.154423,0.507706,0.646717,0.005239,0.856183,-0.850945,0.000582,-0.851527,False,2023
port570,65,King Fahd Port,Saudi Arabia,Middle East and North Africa,38.271704,23.950875,2024,31.196587,0.676572,0.006902,0.000000,0.006902,1.177375,0.507706,0.669669,0.023119,0.000000,0.023119,0.000166,0.022953,False,2024
port570,65,King Fahd Port,Saudi Arabia,Middle East and North Africa,38.271704,23.950875,2025,31.196587,0.676572,0.006902,0.000000,0.006902,1.177375,0.507706,0.669669,0.000000,0.000000,0.000000,0.000000,0.000000,False,2025
port1137,66,Samarinda,Indonesia,Southeast Asia,117.192226,-0.551281,2017,0.277105,0.000000,0.000000,0.000000,0.000000,0.000000,0.000000,0.000000,0.000000,0.000000,0.000000,0.000000,0.000000,False,2017
port1137,66,Samarinda,Indonesia,Southeast Asia,117.192226,-0.551281,2018,0.276112,-0.000993,0.000497,0.000000,0.000497,0.001192,0.002682,-0.001490,0.001688,0.002682,-0.000993,0.000497,-0.001490,False,2018
port1137,66,Samarinda,Indonesia,Southeast Asia,117.192226,-0.551281,2019,0.253964,-0.023142,0.000497,0.000000,0.000497,0.001192,0.024830,-0.023638,0.000000,0.022149,-0.022149,0.000000,-0.022149,False,2019
port1137,66,Samarinda,Indonesia,Southeast Asia,117.192226,-0.551281,2020,0.176891,-0.100215,0.000497,0.000000,0.000497,0.001192,0.101903,-0.100711,0.000000,0.077073,-0.077073,0.000000,-0.077073,False,2020
port1137,66,Samarinda,Indonesia,Southeast Asia,117.192226,-0.551281,2021,0.176891,-0.100215,0.000497,0.000000,0.000497,0.001192,0.101903,-0.100711,0.000000,0.000000,0.000000,0.000000,0.000000,False,2021
port1137,66,Samarinda,Indonesia,Southeast Asia,117.192226,-0.551281,2022,0.176891,-0.100215,0.000497,0.000000,0.000497,0.001192,0.101903,-0.100711,0.000000,0.000000,0.000000,0.000000,0.000000,False,2022
port1137,66,Samarinda,Indonesia,Southeast Asia,117.192226,-0.551281,2023,0.176891,-0.100215,0.000497,0.000000,0.000497,0.001192,0.101903,-0.100711,0.000000,0.000000,0.000000,0.000000,0.000000,False,2023
port1137,66,Samarinda,Indonesia,Southeast Asia,117.192226,-0.551281,2024,0.319816,0.042710,0.002185,0.000000,0.002185,0.142428,0.101903,0.040525,0.142925,0.000000,0.142925,0.001688,0.141236,False,2024
port1137,66,Samarinda,Indonesia,Southeast Asia,117.192226,-0.551281,2025,0.319816,0.042710,0.002185,0.000000,0.002185,0.142428,0.101903,0.040525,0.000000,0.000000,0.000000,0.000000,0.000000,False,2025
port786,67,Nagoya,Japan,East Asia,136.850078,35.036185,2017,26.456129,0.000000,0.000000,0.000000,0.000000,0.000000,0.000000,0.000000,0.000000,0.000000,0.000000,0.000000,0.000000,False,2017
port786,67,Nagoya,Japan,East Asia,136.850078,35.036185,2018,26.342297,-0.113832,0.025278,0.000000,0.025278,0.013710,0.152821,-0.139111,0.038988,0.152821,-0.113832,0.025278,-0.139111,False,2018
port786,67,Nagoya,Japan,East Asia,136.850078,35.036185,2019,26.046809,-0.409320,0.025747,0.000000,0.025747,0.032026,0.467093,-0.435067,0.018784,0.314272,-0.295488,0.000468,-0.295956,False,2019
port786,67,Nagoya,Japan,East Asia,136.850078,35.036185,2020,26.028026,-0.428103,0.029223,0.000000,0.029223,0.035370,0.492697,-0.457327,0.006821,0.025604,-0.018783,0.003477,-0.022260,False,2020
port786,67,Nagoya,Japan,East Asia,136.850078,35.036185,2021,26.016238,-0.439891,0.033569,0.000000,0.033569,0.061335,0.534794,-0.473460,0.031981,0.043768,-0.011787,0.004346,-0.016133,False,2021
port786,67,Nagoya,Japan,East Asia,136.850078,35.036185,2022,26.067919,-0.388210,0.037047,0.000000,0.037047,0.159966,0.585223,-0.425257,0.105052,0.053372,0.051680,0.003478,0.048203,False,2022
port786,67,Nagoya,Japan,East Asia,136.850078,35.036185,2023,26.074006,-0.382124,0.041862,0.000000,0.041862,0.161371,0.585357,-0.423986,0.007625,0.001538,0.006087,0.004816,0.001271,False,2023
port786,67,Nagoya,Japan,East Asia,136.850078,35.036185,2024,26.381050,-0.075080,0.044738,0.000000,0.044738,0.465272,0.585089,-0.119818,0.307044,0.000000,0.307044,0.002876,0.304169,False,2024
port786,67,Nagoya,Japan,East Asia,136.850078,35.036185,2025,26.667503,0.211374,0.044872,0.000000,0.044872,0.751591,0.585089,0.166502,0.286453,0.000000,0.286453,0.000134,0.286320,False,2025
port1367,68,Visakhapatnam,India,South Asia,83.231409,17.655450,2017,21.571017,0.000000,0.000000,0.000000,0.000000,0.000000,0.000000,0.000000,0.000000,0.000000,0.000000,0.000000,0.000000,False,2017
port1367,68,Visakhapatnam,India,South Asia,83.231409,17.655450,2018,22.458454,0.887437,0.013542,0.000000,0.013542,0.884999,0.011105,0.873895,0.898541,0.011105,0.887437,0.013542,0.873895,False,2018
port1367,68,Visakhapatnam,India,South Asia,83.231409,17.655450,2019,22.746691,1.175674,0.013993,0.000000,0.013993,1.242381,0.080700,1.161680,0.374897,0.086660,0.288237,0.000451,0.287786,False,2019
port1367,68,Visakhapatnam,India,South Asia,83.231409,17.655450,2020,22.570262,0.999245,0.037733,0.000000,0.037733,1.049888,0.088377,0.961512,0.221358,0.397787,-0.176429,0.023740,-0.200169,False,2020
port1367,68,Visakhapatnam,India,South Asia,83.231409,17.655450,2021,22.594184,1.023166,0.103178,0.000000,0.103178,1.036984,0.116996,0.919988,0.116995,0.093073,0.023922,0.065445,-0.041523,False,2021
port1367,68,Visakhapatnam,India,South Asia,83.231409,17.655450,2022,22.610890,1.039873,0.141453,0.000000,0.141453,1.032300,0.133880,0.898420,0.048753,0.032047,0.016707,0.038274,-0.021568,False,2022
port1367,68,Visakhapatnam,India,South Asia,83.231409,17.655450,2023,22.629343,1.058326,0.147051,0.000000,0.147051,1.093633,0.182358,0.911275,0.067293,0.048840,0.018453,0.005599,0.012854,False,2023
port1367,68,Visakhapatnam,India,South Asia,83.231409,17.655450,2024,22.675320,1.104303,0.147503,0.000000,0.147503,1.139158,0.182358,0.956799,0.045977,0.000000,0.045977,0.000452,0.045525,False,2024
port1367,68,Visakhapatnam,India,South Asia,83.231409,17.655450,2025,22.724979,1.153961,0.147774,0.000000,0.147774,1.187553,0.181365,1.006188,0.049659,0.000000,0.049659,0.000271,0.049388,False,2025
port1252,69,Taichung,Taiwan Province of China,East Asia,120.504967,24.254571,2017,11.068722,0.000000,0.000000,0.000000,0.000000,0.000000,0.000000,0.000000,0.000000,0.000000,0.000000,0.000000,0.000000,False,2017
port1252,69,Taichung,Taiwan Province of China,East Asia,120.504967,24.254571,2018,11.129842,0.061120,0.018125,0.000000,0.018125,0.103467,0.060472,0.042995,0.121592,0.060472,0.061120,0.018125,0.042995,False,2018
port1252,69,Taichung,Taiwan Province of China,East Asia,120.504967,24.254571,2019,11.161378,0.092656,0.043452,0.000000,0.043452,0.163231,0.114027,0.049204,0.085174,0.053637,0.031536,0.025328,0.006209,False,2019
port1252,69,Taichung,Taiwan Province of China,East Asia,120.504967,24.254571,2020,11.155509,0.086787,0.050901,0.000000,0.050901,0.226041,0.190155,0.035886,0.083999,0.089868,-0.005869,0.007449,-0.013318,False,2020
port1252,69,Taichung,Taiwan Province of China,East Asia,120.504967,24.254571,2021,11.465149,0.396427,0.100652,0.000000,0.100652,0.748570,0.452795,0.295776,0.572279,0.262639,0.309640,0.049751,0.259889,False,2021
port1252,69,Taichung,Taiwan Province of China,East Asia,120.504967,24.254571,2022,11.817889,0.749167,0.111161,0.000000,0.111161,1.123817,0.485811,0.638006,0.387329,0.034588,0.352740,0.010510,0.342231,False,2022
port1252,69,Taichung,Taiwan Province of China,East Asia,120.504967,24.254571,2023,11.829145,0.760423,0.114140,0.000000,0.114140,1.135155,0.488873,0.646282,0.016056,0.004801,0.011255,0.002979,0.008276,False,2023
port1252,69,Taichung,Taiwan Province of China,East Asia,120.504967,24.254571,2024,11.831295,0.762573,0.114471,0.000000,0.114471,1.136975,0.488873,0.648102,0.002151,0.000000,0.002151,0.000331,0.001820,False,2024
port1252,69,Taichung,Taiwan Province of China,East Asia,120.504967,24.254571,2025,11.954768,0.886046,0.115878,0.000000,0.115878,1.259041,0.488873,0.770168,0.123473,0.000000,0.123473,0.001407,0.122066,False,2025
port1091,70,Ras Tanura,Saudi Arabia,Middle East and North Africa,50.122915,26.671689,2017,8.491080,0.000000,0.000000,0.000000,0.000000,0.000000,0.000000,0.000000,0.000000,0.000000,0.000000,0.000000,0.000000,False,2017
port1091,70,Ras Tanura,Saudi Arabia,Middle East and North Africa,50.122915,26.671689,2018,8.401100,-0.089980,0.003183,0.000000,0.003183,0.001830,0.094994,-0.093163,0.005014,0.094994,-0.089980,0.003183,-0.093163,False,2018
port1091,70,Ras Tanura,Saudi Arabia,Middle East and North Africa,50.122915,26.671689,2019,8.378764,-0.112316,0.004616,0.000000,0.004616,0.001830,0.118762,-0.116932,0.001432,0.023768,-0.022336,0.001432,-0.023768,False,2019
port1091,70,Ras Tanura,Saudi Arabia,Middle East and North Africa,50.122915,26.671689,2020,8.388231,-0.102849,0.010266,0.000000,0.010266,0.005647,0.118762,-0.113115,0.009467,0.000000,0.009467,0.005650,0.003817,False,2020
port1091,70,Ras Tanura,Saudi Arabia,Middle East and North Africa,50.122915,26.671689,2021,8.399369,-0.091711,0.012016,0.000000,0.012016,0.015035,0.118762,-0.103727,0.011138,0.000000,0.011138,0.001750,0.009388,False,2021
port1091,70,Ras Tanura,Saudi Arabia,Middle East and North Africa,50.122915,26.671689,2022,8.399767,-0.091313,0.012653,0.000000,0.012653,0.015592,0.119557,-0.103965,0.001193,0.000795,0.000398,0.000637,-0.000238,False,2022
port1091,70,Ras Tanura,Saudi Arabia,Middle East and North Africa,50.122915,26.671689,2023,8.399369,-0.091712,0.011379,0.000000,0.011379,0.016466,0.119557,-0.103091,0.001591,0.001989,-0.000399,-0.001273,0.000875,False,2023
port1091,70,Ras Tanura,Saudi Arabia,Middle East and North Africa,50.122915,26.671689,2024,8.400005,-0.091075,0.011379,0.000000,0.011379,0.017103,0.119557,-0.102455,0.000636,0.000000,0.000636,0.000000,0.000636,False,2024
port1091,70,Ras Tanura,Saudi Arabia,Middle East and North Africa,50.122915,26.671689,2025,8.400005,-0.091075,0.011379,0.000000,0.011379,0.017103,0.119557,-0.102455,0.000000,0.000000,0.000000,0.000000,0.000000,False,2025
port380,71,Gdansk,Poland,Europe,18.693644,54.375797,2017,7.105003,0.000000,0.000000,0.000000,0.000000,0.000000,0.000000,0.000000,0.000000,0.000000,0.000000,0.000000,0.000000,False,2017
port380,71,Gdansk,Poland,Europe,18.693644,54.375797,2018,7.228295,0.123292,0.000000,0.000000,0.000000,0.153033,0.029741,0.123292,0.153033,0.029741,0.123292,0.000000,0.123292,False,2018
port380,71,Gdansk,Poland,Europe,18.693644,54.375797,2019,7.375371,0.270368,0.000000,0.000000,0.000000,0.310609,0.040241,0.270368,0.157576,0.010500,0.147076,0.000000,0.147076,False,2019
port380,71,Gdansk,Poland,Europe,18.693644,54.375797,2020,7.449014,0.344011,0.000000,0.000000,0.000000,0.429695,0.085685,0.344011,0.119698,0.046055,0.073643,0.000000,0.073643,False,2020
port380,71,Gdansk,Poland,Europe,18.693644,54.375797,2021,7.517104,0.412101,0.000000,0.000000,0.000000,0.505710,0.093609,0.412101,0.077716,0.009626,0.068090,0.000000,0.068090,False,2021
port380,71,Gdansk,Poland,Europe,18.693644,54.375797,2022,7.814472,0.709469,0.002719,0.000000,0.002719,0.803214,0.096464,0.706750,0.304607,0.007238,0.297368,0.002719,0.294649,False,2022
port380,71,Gdansk,Poland,Europe,18.693644,54.375797,2023,8.126245,1.021242,0.311753,0.000000,0.311753,0.806294,0.096805,0.709489,0.346724,0.034951,0.311773,0.309034,0.002739,False,2023
port380,71,Gdansk,Poland,Europe,18.693644,54.375797,2024,8.428655,1.323652,0.323920,0.000000,0.323920,1.096910,0.097178,0.999732,0.303191,0.000781,0.302410,0.012167,0.290243,False,2024
port380,71,Gdansk,Poland,Europe,18.693644,54.375797,2025,8.456317,1.351314,0.326639,0.000000,0.326639,1.121853,0.097178,1.024675,0.027662,0.000000,0.027662,0.002719,0.024943,False,2025
port1090,72,Ras Laffan,Qatar,Middle East and North Africa,51.590499,25.908507,2017,20.260485,0.000000,0.000000,0.000000,0.000000,0.000000,0.000000,0.000000,0.000000,0.000000,0.000000,0.000000,0.000000,False,2017
port1090,72,Ras Laffan,Qatar,Middle East and North Africa,51.590499,25.908507,2018,20.260803,0.000317,0.002336,0.000000,0.002336,0.005880,0.007898,-0.002018,0.008215,0.007898,0.000317,0.002336,-0.002018,False,2018
port1090,72,Ras Laffan,Qatar,Middle East and North Africa,51.590499,25.908507,2019,19.700930,-0.559555,0.004108,0.000000,0.004108,0.043665,0.607327,-0.563663,0.039557,0.599429,-0.559872,0.001772,-0.561644,False,2019
port1090,72,Ras Laffan,Qatar,Middle East and North Africa,51.590499,25.908507,2020,19.751841,-0.508644,0.028686,0.000000,0.028686,0.099009,0.636338,-0.537330,0.079922,0.029011,0.050911,0.024578,0.026333,False,2020
port1090,72,Ras Laffan,Qatar,Middle East and North Africa,51.590499,25.908507,2021,19.771606,-0.488879,0.035371,0.000000,0.035371,0.163809,0.688059,-0.524250,0.072131,0.052365,0.019765,0.006686,0.013079,False,2021
port1090,72,Ras Laffan,Qatar,Middle East and North Africa,51.590499,25.908507,2022,19.724700,-0.535785,0.089519,0.000000,0.089519,0.188389,0.813693,-0.625304,0.081064,0.127970,-0.046906,0.054147,-0.101054,False,2022
port1090,72,Ras Laffan,Qatar,Middle East and North Africa,51.590499,25.908507,2023,19.808641,-0.451844,0.142866,0.000000,0.142866,0.206672,0.801383,-0.594711,0.127844,0.043903,0.083941,0.053348,0.030593,False,2023
port1090,72,Ras Laffan,Qatar,Middle East and North Africa,51.590499,25.908507,2024,19.810735,-0.449750,0.145122,0.000000,0.145122,0.207639,0.802511,-0.594872,0.013221,0.011127,0.002094,0.002256,-0.000161,False,2024
port1090,72,Ras Laffan,Qatar,Middle East and North Africa,51.590499,25.908507,2025,19.850203,-0.410282,0.163485,0.000000,0.163485,0.226811,0.800578,-0.573767,0.039468,0.000000,0.039468,0.018363,0.021105,False,2025
port1405,73,Xiuyu,China,China,118.987045,25.165279,2017,19.007695,0.000000,0.000000,0.000000,0.000000,0.000000,0.000000,0.000000,0.000000,0.000000,0.000000,0.000000,0.000000,False,2017
port1405,73,Xiuyu,China,China,118.987045,25.165279,2018,19.426408,0.418713,0.048121,0.000000,0.048121,0.562158,0.191566,0.370592,0.610279,0.191566,0.418713,0.048121,0.370592,False,2018
port1405,73,Xiuyu,China,China,118.987045,25.165279,2019,21.782774,2.775078,0.070333,0.000000,0.070333,2.936891,0.232146,2.704745,2.396946,0.040580,2.356365,0.022212,2.334153,False,2019
port1405,73,Xiuyu,China,China,118.987045,25.165279,2020,22.175113,3.167418,0.081172,0.000000,0.081172,3.365268,0.279023,3.086246,0.439624,0.047284,0.392339,0.010839,0.381500,False,2020
port1405,73,Xiuyu,China,China,118.987045,25.165279,2021,22.657749,3.650054,0.117506,0.000000,0.117506,3.873880,0.341331,3.532549,0.551139,0.068502,0.482637,0.036333,0.446303,False,2021
port1405,73,Xiuyu,China,China,118.987045,25.165279,2022,24.151235,5.143539,0.327651,0.000000,0.327651,5.328836,0.512948,4.815889,1.817573,0.324088,1.493485,0.210145,1.283340,False,2022
port1405,73,Xiuyu,China,China,118.987045,25.165279,2023,26.449766,7.442071,0.868332,0.000000,0.868332,7.405818,0.832079,6.573739,2.627361,0.328829,2.298531,0.540681,1.757851,False,2023
port1405,73,Xiuyu,China,China,118.987045,25.165279,2024,27.119095,8.111400,1.177540,0.000000,1.177540,7.764306,0.830446,6.933860,0.669329,0.000000,0.669329,0.309208,0.360121,False,2024
port1405,73,Xiuyu,China,China,118.987045,25.165279,2025,27.464816,8.457121,1.434971,0.000000,1.434971,7.847787,0.825638,7.022150,0.345721,0.000000,0.345721,0.257431,0.088289,False,2025
port264,74,Corpus Christi,United States,Americas,-97.379908,27.841227,2017,36.319316,0.000000,0.000000,0.000000,0.000000,0.000000,0.000000,0.000000,0.000000,0.000000,0.000000,0.000000,0.000000,False,2017
port264,74,Corpus Christi,United States,Americas,-97.379908,27.841227,2018,36.254666,-0.064650,0.055162,0.000000,0.055162,0.135871,0.255683,-0.119812,0.191033,0.255683,-0.064650,0.055162,-0.119812,False,2018
port264,74,Corpus Christi,United States,Americas,-97.379908,27.841227,2019,38.807618,2.488302,0.109155,0.000000,0.109155,2.672426,0.293279,2.379148,2.590548,0.037596,2.552952,0.053992,2.498960,False,2019
port264,74,Corpus Christi,United States,Americas,-97.379908,27.841227,2020,39.262403,2.943087,0.152633,0.000000,0.152633,3.216661,0.426206,2.790455,0.589582,0.134797,0.454785,0.043478,0.411307,False,2020
port264,74,Corpus Christi,United States,Americas,-97.379908,27.841227,2021,39.774399,3.455083,0.111328,0.000000,0.111328,3.787951,0.444197,3.343755,0.734569,0.222573,0.511996,-0.041304,0.553300,False,2021
port264,74,Corpus Christi,United States,Americas,-97.379908,27.841227,2022,40.981196,4.661880,0.720604,0.000000,0.720604,4.387031,0.445755,3.941276,1.213488,0.006691,1.206797,0.609276,0.597521,False,2022
port264,74,Corpus Christi,United States,Americas,-97.379908,27.841227,2023,41.876735,5.557419,1.023611,0.000000,1.023611,4.985712,0.451904,4.533808,0.902000,0.006461,0.895539,0.303007,0.592532,False,2023
port264,74,Corpus Christi,United States,Americas,-97.379908,27.841227,2024,42.352350,6.033034,1.122399,0.000000,1.122399,5.362930,0.452294,4.910636,0.476317,0.000701,0.475616,0.098788,0.376828,False,2024
port264,74,Corpus Christi,United States,Americas,-97.379908,27.841227,2025,42.520690,6.201374,1.160916,0.000000,1.160916,5.492752,0.452294,5.040458,0.168418,0.000078,0.168340,0.038518,0.129822,False,2025
port1428,75,Zhouliwang,China,China,121.082993,37.701549,2017,8.783174,0.000000,0.000000,0.000000,0.000000,0.000000,0.000000,0.000000,0.000000,0.000000,0.000000,0.000000,0.000000,False,2017
port1428,75,Zhouliwang,China,China,121.082993,37.701549,2018,8.932294,0.149120,0.031550,0.000000,0.031550,0.128316,0.010746,0.117570,0.159867,0.010746,0.149120,0.031550,0.117570,False,2018
port1428,75,Zhouliwang,China,China,121.082993,37.701549,2019,10.366337,1.583164,0.057294,0.000000,0.057294,1.547425,0.021556,1.525869,1.444853,0.010809,1.434043,0.025744,1.408299,False,2019
port1428,75,Zhouliwang,China,China,121.082993,37.701549,2020,10.930964,2.147790,0.684839,0.000000,0.684839,1.557545,0.094594,1.462951,0.637664,0.073038,0.564626,0.627544,-0.062918,False,2020
port1428,75,Zhouliwang,China,China,121.082993,37.701549,2021,11.241294,2.458121,0.711823,0.000000,0.711823,2.040384,0.294086,1.746298,0.648317,0.337986,0.310331,0.026984,0.283346,False,2021
port1428,75,Zhouliwang,China,China,121.082993,37.701549,2022,12.436443,3.653270,0.714259,0.000000,0.714259,3.233097,0.294086,2.939011,1.195149,0.000000,1.195149,0.002436,1.192713,False,2022
port1428,75,Zhouliwang,China,China,121.082993,37.701549,2023,13.439827,4.656654,0.718695,0.000000,0.718695,4.337630,0.399671,3.937959,1.109719,0.106335,1.003384,0.004436,0.998948,False,2023
port1428,75,Zhouliwang,China,China,121.082993,37.701549,2024,14.606334,5.823160,0.718695,0.000000,0.718695,5.508264,0.403798,5.104465,1.171571,0.005065,1.166506,0.000000,1.166506,False,2024
port1428,75,Zhouliwang,China,China,121.082993,37.701549,2025,14.607583,5.824409,0.719944,0.000000,0.719944,5.508264,0.403798,5.104465,0.001249,0.000000,0.001249,0.001249,0.000000,False,2025
port746,76,Salalah,Oman,Middle East and North Africa,54.008320,16.942295,2017,2.886528,0.000000,0.000000,0.000000,0.000000,0.000000,0.000000,0.000000,0.000000,0.000000,0.000000,0.000000,0.000000,False,2017
port746,76,Salalah,Oman,Middle East and North Africa,54.008320,16.942295,2018,2.825280,-0.061248,0.000000,0.000000,0.000000,0.000000,0.061248,-0.061248,0.000000,0.061248,-0.061248,0.000000,-0.061248,False,2018
port746,76,Salalah,Oman,Middle East and North Africa,54.008320,16.942295,2019,2.824825,-0.061703,0.000000,0.000000,0.000000,0.000000,0.061703,-0.061703,0.000000,0.000455,-0.000455,0.000000,-0.000455,False,2019
port746,76,Salalah,Oman,Middle East and North Africa,54.008320,16.942295,2020,2.817910,-0.068619,0.000000,0.000000,0.000000,0.000091,0.068710,-0.068619,0.000091,0.007007,-0.006916,0.000000,-0.006916,False,2020
port746,76,Salalah,Oman,Middle East and North Africa,54.008320,16.942295,2021,2.816545,-0.069984,0.000546,0.000000,0.000546,0.000091,0.070621,-0.070530,0.000546,0.001911,-0.001365,0.000546,-0.001911,False,2021
port746,76,Salalah,Oman,Middle East and North Africa,54.008320,16.942295,2022,2.817819,-0.068710,0.000819,0.000000,0.000819,0.001092,0.070621,-0.069529,0.001274,0.000000,0.001274,0.000273,0.001001,False,2022
port746,76,Salalah,Oman,Middle East and North Africa,54.008320,16.942295,2023,2.818638,-0.067891,0.000819,0.000000,0.000819,0.001911,0.070621,-0.068710,0.000819,0.000000,0.000819,0.000000,0.000819,False,2023
port746,76,Salalah,Oman,Middle East and North Africa,54.008320,16.942295,2024,3.113469,0.226941,0.000819,0.000000,0.000819,0.296561,0.070439,0.226122,0.294832,0.000000,0.294832,0.000000,0.294832,False,2024
port746,76,Salalah,Oman,Middle East and North Africa,54.008320,16.942295,2025,3.114015,0.227487,0.000819,0.000000,0.000819,0.296834,0.070166,0.226668,0.000546,0.000000,0.000546,0.000000,0.000546,False,2025
port45,77,Amsterdam,The Netherlands,Europe,4.819634,52.410362,2017,15.037441,0.000000,0.000000,0.000000,0.000000,0.000000,0.000000,0.000000,0.000000,0.000000,0.000000,0.000000,0.000000,False,2017
port45,77,Amsterdam,The Netherlands,Europe,4.819634,52.410362,2018,15.113214,0.075773,0.127731,0.000000,0.127731,0.044043,0.096000,-0.051958,0.171773,0.096000,0.075773,0.127731,-0.051958,False,2018
port45,77,Amsterdam,The Netherlands,Europe,4.819634,52.410362,2019,15.324074,0.286632,0.253341,0.000000,0.253341,0.220369,0.187078,0.033291,0.301937,0.091077,0.210859,0.125610,0.085249,False,2019
port45,77,Amsterdam,The Netherlands,Europe,4.819634,52.410362,2020,15.426899,0.389458,0.309790,0.000000,0.309790,0.286315,0.206647,0.079668,0.123029,0.020203,0.102826,0.056449,0.046377,False,2020
port45,77,Amsterdam,The Netherlands,Europe,4.819634,52.410362,2021,15.504617,0.467175,0.346529,0.000000,0.346529,0.329156,0.208510,0.120647,0.079803,0.002086,0.077717,0.036738,0.040979,False,2021
port45,77,Amsterdam,The Netherlands,Europe,4.819634,52.410362,2022,15.506717,0.469276,0.354621,0.000000,0.354621,0.340531,0.225876,0.114655,0.023380,0.021279,0.002100,0.008093,-0.005992,False,2022
port45,77,Amsterdam,The Netherlands,Europe,4.819634,52.410362,2023,15.579975,0.542533,0.363155,0.000000,0.363155,0.405814,0.226436,0.179378,0.076015,0.002758,0.073258,0.008534,0.064724,False,2023
port45,77,Amsterdam,The Netherlands,Europe,4.819634,52.410362,2024,15.598263,0.560821,0.367367,0.000000,0.367367,0.419778,0.226324,0.193454,0.018288,0.000000,0.018288,0.004212,0.014076,False,2024
port45,77,Amsterdam,The Netherlands,Europe,4.819634,52.410362,2025,15.639589,0.602148,0.378956,0.000000,0.378956,0.447353,0.224160,0.223192,0.041364,0.000037,0.041326,0.011588,0.029738,False,2025
port270,78,Daesan,Korea,East Asia,126.403673,37.013227,2017,11.917214,0.000000,0.000000,0.000000,0.000000,0.000000,0.000000,0.000000,0.000000,0.000000,0.000000,0.000000,0.000000,False,2017
port270,78,Daesan,Korea,East Asia,126.403673,37.013227,2018,11.861528,-0.055686,0.000000,0.000000,0.000000,0.000827,0.056513,-0.055686,0.000827,0.056513,-0.055686,0.000000,-0.055686,False,2018
port270,78,Daesan,Korea,East Asia,126.403673,37.013227,2019,11.900239,-0.016975,0.000191,0.000000,0.000191,0.039921,0.057086,-0.017166,0.039284,0.000573,0.038711,0.000191,0.038520,False,2019
port270,78,Daesan,Korea,East Asia,126.403673,37.013227,2020,12.514385,0.597172,0.135871,0.000000,0.135871,0.571230,0.109929,0.461300,0.666990,0.052843,0.614147,0.135681,0.478466,False,2020
port270,78,Daesan,Korea,East Asia,126.403673,37.013227,2021,12.380913,0.463699,0.136634,0.000000,0.136634,0.589417,0.262352,0.327065,0.018950,0.152422,-0.133472,0.000763,-0.134235,False,2021
port270,78,Daesan,Korea,East Asia,126.403673,37.013227,2022,12.379700,0.462486,0.136698,0.000000,0.136698,0.592786,0.266997,0.325789,0.003432,0.004645,-0.001213,0.000064,-0.001277,False,2022
port270,78,Daesan,Korea,East Asia,126.403673,37.013227,2023,12.558149,0.640935,0.163781,0.000000,0.163781,0.744151,0.266997,0.477154,0.178449,0.000000,0.178449,0.027084,0.151365,False,2023
port270,78,Daesan,Korea,East Asia,126.403673,37.013227,2024,13.314370,1.397157,0.910785,0.000000,0.910785,0.753369,0.266997,0.486372,0.756221,0.000000,0.756221,0.747004,0.009218,False,2024
port270,78,Daesan,Korea,East Asia,126.403673,37.013227,2025,13.388559,1.471345,0.984974,0.000000,0.984974,0.753369,0.266997,0.486372,0.074189,0.000000,0.074189,0.074189,0.000000,False,2025
port985,79,Le Havre,France,Europe,0.209382,49.472061,2017,19.144635,0.000000,0.000000,0.000000,0.000000,0.000000,0.000000,0.000000,0.000000,0.000000,0.000000,0.000000,0.000000,False,2017
port985,79,Le Havre,France,Europe,0.209382,49.472061,2018,19.178591,0.033956,0.000127,0.000000,0.000127,0.100969,0.067140,0.033829,0.101096,0.067140,0.033956,0.000127,0.033829,False,2018
port985,79,Le Havre,France,Europe,0.209382,49.472061,2019,19.454646,0.310010,0.000254,0.000000,0.000254,0.452770,0.143013,0.309757,0.351927,0.075872,0.276055,0.000127,0.275928,False,2019
port985,79,Le Havre,France,Europe,0.209382,49.472061,2020,19.935715,0.791080,0.001183,0.000000,0.001183,1.137929,0.348033,0.789896,0.686089,0.205020,0.481069,0.000929,0.480140,False,2020
port985,79,Le Havre,France,Europe,0.209382,49.472061,2021,20.577092,1.432457,0.001859,0.000000,0.001859,1.814520,0.383923,1.430597,0.677394,0.036016,0.641377,0.000676,0.640701,False,2021
port985,79,Le Havre,France,Europe,0.209382,49.472061,2022,20.865197,1.720562,0.002240,0.000000,0.002240,2.121303,0.402981,1.718322,0.344162,0.056058,0.288105,0.000380,0.287724,False,2022
port985,79,Le Havre,France,Europe,0.209382,49.472061,2023,20.929535,1.784900,0.004100,0.000000,0.004100,2.199931,0.419131,1.780799,0.082772,0.018434,0.064338,0.001860,0.062478,False,2023
port985,79,Le Havre,France,Europe,0.209382,49.472061,2024,20.947924,1.803289,0.005876,0.000000,0.005876,2.216629,0.419216,1.797413,0.018516,0.000127,0.018389,0.001776,0.016614,False,2024
port985,79,Le Havre,France,Europe,0.209382,49.472061,2025,21.321839,2.177204,0.005876,0.000000,0.005876,2.590417,0.419089,2.171328,0.373915,0.000000,0.373915,0.000000,0.373915,False,2025
port311,80,Durban,South Africa,Sub-Saharan Africa,31.023022,-29.882130,2017,7.328733,0.000000,0.000000,0.000000,0.000000,0.000000,0.000000,0.000000,0.000000,0.000000,0.000000,0.000000,0.000000,False,2017
port311,80,Durban,South Africa,Sub-Saharan Africa,31.023022,-29.882130,2018,7.541911,0.213178,0.000974,0.000000,0.000974,0.246582,0.034378,0.212204,0.247556,0.034378,0.213178,0.000974,0.212204,False,2018
port311,80,Durban,South Africa,Sub-Saharan Africa,31.023022,-29.882130,2019,7.544384,0.215651,0.003522,0.000000,0.003522,0.248905,0.036776,0.212129,0.004870,0.002398,0.002473,0.002548,-0.000075,False,2019
port311,80,Durban,South Africa,Sub-Saharan Africa,31.023022,-29.882130,2020,7.536140,0.207407,0.004571,0.000000,0.004571,0.296460,0.093625,0.202836,0.048604,0.056848,-0.008244,0.001049,-0.009293,False,2020
port311,80,Durban,South Africa,Sub-Saharan Africa,31.023022,-29.882130,2021,7.569843,0.241110,0.006444,0.000000,0.006444,0.339974,0.105309,0.234666,0.045387,0.011684,0.033703,0.001873,0.031830,False,2021
port311,80,Durban,South Africa,Sub-Saharan Africa,31.023022,-29.882130,2022,7.581669,0.252936,0.006669,0.000000,0.006669,0.355397,0.109130,0.246267,0.015798,0.003972,0.011826,0.000225,0.011601,False,2022
port311,80,Durban,South Africa,Sub-Saharan Africa,31.023022,-29.882130,2023,7.586611,0.257878,0.007119,0.000000,0.007119,0.360265,0.109505,0.250760,0.005317,0.000375,0.004943,0.000450,0.004493,False,2023
port311,80,Durban,South Africa,Sub-Saharan Africa,31.023022,-29.882130,2024,7.865482,0.536749,0.007119,0.000000,0.007119,0.639135,0.109505,0.529630,0.278871,0.000000,0.278871,0.000000,0.278871,False,2024
port311,80,Durban,South Africa,Sub-Saharan Africa,31.023022,-29.882130,2025,7.866381,0.537648,0.007119,0.000000,0.007119,0.640034,0.109505,0.530529,0.000899,0.000000,0.000899,0.000000,0.000899,False,2025
port700,81,Manzanillo,Panama,Americas,-79.882155,9.367894,2017,4.947291,0.000000,0.000000,0.000000,0.000000,0.000000,0.000000,0.000000,0.000000,0.000000,0.000000,0.000000,0.000000,False,2017
port700,81,Manzanillo,Panama,Americas,-79.882155,9.367894,2018,4.942260,-0.005031,0.000000,0.000000,0.000000,0.001451,0.006482,-0.005031,0.001451,0.006482,-0.005031,0.000000,-0.005031,False,2018
port700,81,Manzanillo,Panama,Americas,-79.882155,9.367894,2019,4.962084,0.014793,0.000000,0.000000,0.000000,0.107854,0.093061,0.014793,0.107177,0.087353,0.019824,0.000000,0.019824,False,2019
port700,81,Manzanillo,Panama,Americas,-79.882155,9.367894,2020,4.973789,0.026498,0.000000,0.000000,0.000000,0.119559,0.093061,0.026498,0.011705,0.000000,0.011705,0.000000,0.011705,False,2020
port700,81,Manzanillo,Panama,Americas,-79.882155,9.367894,2021,5.013063,0.065772,0.000000,0.000000,0.000000,0.158929,0.093157,0.065772,0.039371,0.000097,0.039274,0.000000,0.039274,False,2021
port700,81,Manzanillo,Panama,Americas,-79.882155,9.367894,2022,4.972628,0.025337,0.000000,0.000000,0.000000,0.162896,0.137559,0.025337,0.010255,0.050689,-0.040435,0.000000,-0.040435,False,2022
port700,81,Manzanillo,Panama,Americas,-79.882155,9.367894,2023,4.972241,0.024950,0.000000,0.000000,0.000000,0.164057,0.139107,0.024950,0.001161,0.001548,-0.000387,0.000000,-0.000387,False,2023
port700,81,Manzanillo,Panama,Americas,-79.882155,9.367894,2024,5.004550,0.057259,0.000000,0.000000,0.000000,0.196269,0.139010,0.057259,0.032309,0.000000,0.032309,0.000000,0.032309,False,2024
port700,81,Manzanillo,Panama,Americas,-79.882155,9.367894,2025,5.015289,0.067998,0.000000,0.000000,0.000000,0.207008,0.139010,0.067998,0.010738,0.000000,0.010738,0.000000,0.010738,False,2025
port168,82,Bremerhaven,Germany,Europe,8.555057,53.549441,2017,9.215873,0.000000,0.000000,0.000000,0.000000,0.000000,0.000000,0.000000,0.000000,0.000000,0.000000,0.000000,0.000000,False,2017
port168,82,Bremerhaven,Germany,Europe,8.555057,53.549441,2018,9.180522,-0.035351,0.000247,0.000000,0.000247,0.010170,0.045768,-0.035598,0.010417,0.045768,-0.035351,0.000247,-0.035598,False,2018
port168,82,Bremerhaven,Germany,Europe,8.555057,53.549441,2019,8.724673,-0.491200,0.002375,0.000000,0.002375,0.081580,0.575155,-0.493575,0.073538,0.529387,-0.455849,0.002128,-0.457977,False,2019
port168,82,Bremerhaven,Germany,Europe,8.555057,53.549441,2020,8.786509,-0.429363,0.011743,0.000000,0.011743,0.142068,0.583175,-0.441107,0.070140,0.008304,0.061836,0.009368,0.052468,False,2020
port168,82,Bremerhaven,Germany,Europe,8.555057,53.549441,2021,8.912838,-0.303034,0.013515,0.000000,0.013515,0.278555,0.595104,-0.316550,0.138258,0.011929,0.126329,0.001772,0.124557,False,2021
port168,82,Bremerhaven,Germany,Europe,8.555057,53.549441,2022,8.971022,-0.244851,0.015140,0.000000,0.015140,0.418973,0.678964,-0.259991,0.143138,0.084955,0.058183,0.001625,0.056558,False,2022
port168,82,Bremerhaven,Germany,Europe,8.555057,53.549441,2023,9.233572,0.017699,0.015846,0.000000,0.015846,0.712106,0.710253,0.001852,0.294937,0.032387,0.262550,0.000706,0.261844,False,2023
port168,82,Bremerhaven,Germany,Europe,8.555057,53.549441,2024,9.304041,0.088168,0.014853,0.000000,0.014853,0.782684,0.709368,0.073315,0.072101,0.001632,0.070469,-0.000993,0.071463,False,2024
port168,82,Bremerhaven,Germany,Europe,8.555057,53.549441,2025,9.469100,0.253228,0.015136,0.000000,0.015136,0.947425,0.709333,0.238092,0.165060,0.000000,0.165060,0.000283,0.164777,False,2025
port24,83,Jubail,Saudi Arabia,Middle East and North Africa,49.660390,27.055730,2017,18.413229,0.000000,0.000000,0.000000,0.000000,0.000000,0.000000,0.000000,0.000000,0.000000,0.000000,0.000000,0.000000,False,2017
port24,83,Jubail,Saudi Arabia,Middle East and North Africa,49.660390,27.055730,2018,18.405327,-0.007902,0.000000,0.000000,0.000000,0.000553,0.008455,-0.007902,0.000553,0.008455,-0.007902,0.000000,-0.007902,False,2018
port24,83,Jubail,Saudi Arabia,Middle East and North Africa,49.660390,27.055730,2019,18.500323,0.087094,0.000000,0.000000,0.000000,0.105905,0.018811,0.087094,0.105351,0.010356,0.094996,0.000000,0.094996,False,2019
port24,83,Jubail,Saudi Arabia,Middle East and North Africa,49.660390,27.055730,2020,19.028402,0.615173,0.535749,0.000000,0.535749,0.112700,0.033276,0.079424,0.542544,0.014465,0.528079,0.535749,-0.007669,False,2020
port24,83,Jubail,Saudi Arabia,Middle East and North Africa,49.660390,27.055730,2021,18.861828,0.448599,0.535907,0.000000,0.535907,0.159935,0.247243,-0.087307,0.047393,0.213967,-0.166574,0.000158,-0.166732,False,2021
port24,83,Jubail,Saudi Arabia,Middle East and North Africa,49.660390,27.055730,2022,18.843431,0.430202,0.530457,0.000000,0.530457,0.164995,0.265250,-0.100255,0.006324,0.024721,-0.018397,-0.005450,-0.012947,False,2022
port24,83,Jubail,Saudi Arabia,Middle East and North Africa,49.660390,27.055730,2023,18.887749,0.474520,0.569164,0.000000,0.569164,0.169421,0.264064,-0.094644,0.044318,0.000000,0.044318,0.038707,0.005611,False,2023
port24,83,Jubail,Saudi Arabia,Middle East and North Africa,49.660390,27.055730,2024,18.894073,0.480844,0.569243,0.000000,0.569243,0.175428,0.263827,-0.088399,0.006403,0.000079,0.006324,0.000079,0.006245,False,2024
port24,83,Jubail,Saudi Arabia,Middle East and North Africa,49.660390,27.055730,2025,18.894152,0.480923,0.569243,0.000000,0.569243,0.175507,0.263827,-0.088320,0.000079,0.000000,0.000079,0.000000,0.000079,False,2025
port166,84,Porto do Acu,Brazil,Americas,-41.019924,-21.850656,2017,6.995835,0.000000,0.000000,0.000000,0.000000,0.000000,0.000000,0.000000,0.000000,0.000000,0.000000,0.000000,0.000000,False,2017
port166,84,Porto do Acu,Brazil,Americas,-41.019924,-21.850656,2018,7.068019,0.072184,0.001886,0.000000,0.001886,0.095328,0.025030,0.070298,0.097214,0.025030,0.072184,0.001886,0.070298,False,2018
port166,84,Porto do Acu,Brazil,Americas,-41.019924,-21.850656,2019,7.061678,0.065843,0.001886,0.000000,0.001886,0.101330,0.037374,0.063957,0.006002,0.012344,-0.006341,0.000000,-0.006341,False,2019
port166,84,Porto do Acu,Brazil,Americas,-41.019924,-21.850656,2020,7.049934,0.054099,0.001886,0.000000,0.001886,0.102617,0.050404,0.052213,0.001286,0.013030,-0.011744,0.000000,-0.011744,False,2020
port166,84,Porto do Acu,Brazil,Americas,-41.019924,-21.850656,2021,7.040504,0.044669,0.001886,0.000000,0.001886,0.103217,0.060433,0.042783,0.000600,0.010030,-0.009430,0.000000,-0.009430,False,2021
port166,84,Porto do Acu,Brazil,Americas,-41.019924,-21.850656,2022,7.206235,0.210400,0.001886,0.000000,0.001886,0.268948,0.060433,0.208514,0.165731,0.000000,0.165731,0.000000,0.165731,False,2022
port166,84,Porto do Acu,Brazil,Americas,-41.019924,-21.850656,2023,7.108733,0.112898,0.002229,0.000000,0.002229,0.308040,0.197371,0.110669,0.045006,0.142509,-0.097503,0.000343,-0.097845,False,2023
port166,84,Porto do Acu,Brazil,Americas,-41.019924,-21.850656,2024,7.399099,0.403264,0.002229,0.000000,0.002229,0.599435,0.198399,0.401036,0.291481,0.001114,0.290367,0.000000,0.290367,False,2024
port166,84,Porto do Acu,Brazil,Americas,-41.019924,-21.850656,2025,7.406816,0.410981,0.002229,0.000000,0.002229,0.607152,0.198399,0.408753,0.007717,0.000000,0.007717,0.000000,0.007717,False,2025
port908,85,Piraeus,Greece,Europe,23.603747,37.952446,2017,5.934282,0.000000,0.000000,0.000000,0.000000,0.000000,0.000000,0.000000,0.000000,0.000000,0.000000,0.000000,0.000000,False,2017
port908,85,Piraeus,Greece,Europe,23.603747,37.952446,2018,5.983010,0.048728,0.000248,0.000000,0.000248,0.082685,0.034206,0.048480,0.082934,0.034206,0.048728,0.000248,0.048480,False,2018
port908,85,Piraeus,Greece,Europe,23.603747,37.952446,2019,5.964861,0.030579,0.001490,0.000000,0.001490,0.113223,0.084134,0.029090,0.031779,0.049928,-0.018149,0.001241,-0.019390,False,2019
port908,85,Piraeus,Greece,Europe,23.603747,37.952446,2020,5.877654,-0.056627,0.001490,0.000000,0.001490,0.097879,0.155996,-0.058117,0.018433,0.105639,-0.087207,0.000000,-0.087207,False,2020
port908,85,Piraeus,Greece,Europe,23.603747,37.952446,2021,5.811081,-0.123201,0.001490,0.000000,0.001490,0.100734,0.225424,-0.124691,0.003289,0.069863,-0.066574,0.000000,-0.066574,False,2021
port908,85,Piraeus,Greece,Europe,23.603747,37.952446,2022,5.837287,-0.096995,0.001490,0.000000,0.001490,0.155789,0.254274,-0.098485,0.055179,0.028974,0.026206,0.000000,0.026206,False,2022
port908,85,Piraeus,Greece,Europe,23.603747,37.952446,2023,5.812503,-0.121779,0.001924,0.000000,0.001924,0.164417,0.288121,-0.123703,0.009063,0.033847,-0.024784,0.000435,-0.025219,False,2023
port908,85,Piraeus,Greece,Europe,23.603747,37.952446,2024,5.823858,-0.110423,0.001924,0.000000,0.001924,0.176145,0.288493,-0.112348,0.011728,0.000372,0.011356,0.000000,0.011356,False,2024
port908,85,Piraeus,Greece,Europe,23.603747,37.952446,2025,5.832795,-0.101487,0.001924,0.000000,0.001924,0.185081,0.288493,-0.103411,0.008936,0.000000,0.008936,0.000000,0.008936,False,2025
port885,86,Paranagua,Brazil,Americas,-48.517135,-25.505239,2017,2.907485,0.000000,0.000000,0.000000,0.000000,0.000000,0.000000,0.000000,0.000000,0.000000,0.000000,0.000000,0.000000,False,2017
port885,86,Paranagua,Brazil,Americas,-48.517135,-25.505239,2018,2.889426,-0.018059,0.000000,0.000000,0.000000,0.046965,0.065023,-0.018059,0.046965,0.065023,-0.018059,0.000000,-0.018059,False,2018
port885,86,Paranagua,Brazil,Americas,-48.517135,-25.505239,2019,2.998127,0.090642,0.063515,0.000000,0.063515,0.132299,0.105172,0.027127,0.148849,0.040148,0.108701,0.063515,0.045186,False,2019
port885,86,Paranagua,Brazil,Americas,-48.517135,-25.505239,2020,3.003804,0.096319,0.063515,0.000000,0.063515,0.138543,0.105739,0.032804,0.006245,0.000568,0.005677,0.000000,0.005677,False,2020
port885,86,Paranagua,Brazil,Americas,-48.517135,-25.505239,2021,3.003723,0.096238,0.063515,0.000000,0.063515,0.139354,0.106631,0.032723,0.000811,0.000892,-0.000081,0.000000,-0.000081,False,2021
port885,86,Paranagua,Brazil,Americas,-48.517135,-25.505239,2022,3.017671,0.110186,0.063515,0.000000,0.063515,0.153302,0.106631,0.046671,0.013948,0.000000,0.013948,0.000000,0.013948,False,2022
port885,86,Paranagua,Brazil,Americas,-48.517135,-25.505239,2023,3.051493,0.144008,0.063515,0.000000,0.063515,0.186800,0.106307,0.080492,0.033822,0.000000,0.033822,0.000000,0.033822,False,2023
port885,86,Paranagua,Brazil,Americas,-48.517135,-25.505239,2024,3.145091,0.237607,0.063515,0.000000,0.063515,0.280399,0.106307,0.174091,0.093599,0.000000,0.093599,0.000000,0.093599,False,2024
port885,86,Paranagua,Brazil,Americas,-48.517135,-25.505239,2025,3.145091,0.237607,0.063515,0.000000,0.063515,0.280399,0.106307,0.174091,0.000000,0.000000,0.000000,0.000000,0.000000,False,2025
port1417,87,Yokohama,Japan,East Asia,139.668812,35.427556,2017,36.459441,0.000000,0.000000,0.000000,0.000000,0.000000,0.000000,0.000000,0.000000,0.000000,0.000000,0.000000,0.000000,False,2017
port1417,87,Yokohama,Japan,East Asia,139.668812,35.427556,2018,36.540332,0.080890,0.034278,0.000000,0.034278,0.168635,0.122023,0.046612,0.202914,0.122023,0.080890,0.034278,0.046612,False,2018
port1417,87,Yokohama,Japan,East Asia,139.668812,35.427556,2019,37.115410,0.655968,0.056219,0.000000,0.056219,0.942928,0.343178,0.599750,0.796233,0.221155,0.575078,0.021941,0.553137,False,2019
port1417,87,Yokohama,Japan,East Asia,139.668812,35.427556,2020,37.480704,1.021263,0.058666,0.000000,0.058666,1.344701,0.382104,0.962596,0.404685,0.039390,0.365294,0.002448,0.362847,False,2020
port1417,87,Yokohama,Japan,East Asia,139.668812,35.427556,2021,37.611895,1.152454,0.065228,0.000000,0.065228,1.667552,0.580325,1.087227,0.389890,0.258699,0.131191,0.006561,0.124630,False,2021
port1417,87,Yokohama,Japan,East Asia,139.668812,35.427556,2022,37.651999,1.192557,0.068614,0.000000,0.068614,1.724276,0.600333,1.123943,0.060310,0.020206,0.040103,0.003387,0.036716,False,2022
port1417,87,Yokohama,Japan,East Asia,139.668812,35.427556,2023,37.699171,1.239729,0.069409,0.000000,0.069409,1.773037,0.602717,1.170321,0.050350,0.003178,0.047172,0.000794,0.046378,False,2023
port1417,87,Yokohama,Japan,East Asia,139.668812,35.427556,2024,37.715407,1.255966,0.077829,0.000000,0.077829,1.780721,0.602584,1.178137,0.016236,0.000000,0.016236,0.008420,0.007816,False,2024
port1417,87,Yokohama,Japan,East Asia,139.668812,35.427556,2025,38.634632,2.175191,0.078889,0.000000,0.078889,2.694519,0.598217,2.096301,0.919225,0.000000,0.919225,0.001061,0.918164,False,2025
port752,88,Mizushima,Japan,East Asia,133.724292,34.500335,2017,24.096397,0.000000,0.000000,0.000000,0.000000,0.000000,0.000000,0.000000,0.000000,0.000000,0.000000,0.000000,0.000000,False,2017
port752,88,Mizushima,Japan,East Asia,133.724292,34.500335,2018,24.038747,-0.057650,0.000000,0.000000,0.000000,0.002168,0.059818,-0.057650,0.002168,0.059818,-0.057650,0.000000,-0.057650,False,2018
port752,88,Mizushima,Japan,East Asia,133.724292,34.500335,2019,24.001131,-0.095267,0.000000,0.000000,0.000000,0.031180,0.126447,-0.095267,0.029013,0.066629,-0.037617,0.000000,-0.037617,False,2019
port752,88,Mizushima,Japan,East Asia,133.724292,34.500335,2020,23.995033,-0.101364,0.000000,0.000000,0.000000,0.029080,0.130445,-0.101364,0.000068,0.006165,-0.006098,0.000000,-0.006098,False,2020
port752,88,Mizushima,Japan,East Asia,133.724292,34.500335,2021,24.011770,-0.084628,0.000000,0.000000,0.000000,0.047308,0.131936,-0.084628,0.018228,0.001491,0.016737,0.000000,0.016737,False,2021
port752,88,Mizushima,Japan,East Asia,133.724292,34.500335,2022,24.012379,-0.084018,0.000000,0.000000,0.000000,0.049951,0.133969,-0.084018,0.002643,0.002033,0.000610,0.000000,0.000610,False,2022
port752,88,Mizushima,Japan,East Asia,133.724292,34.500335,2023,24.055340,-0.041058,0.000000,0.000000,0.000000,0.093250,0.134308,-0.041058,0.043300,0.000339,0.042960,0.000000,0.042960,False,2023
port752,88,Mizushima,Japan,East Asia,133.724292,34.500335,2024,24.061845,-0.034553,0.000000,0.000000,0.000000,0.099756,0.134308,-0.034553,0.006505,0.000000,0.006505,0.000000,0.006505,False,2024
port752,88,Mizushima,Japan,East Asia,133.724292,34.500335,2025,24.062048,-0.034349,0.000000,0.000000,0.000000,0.099959,0.134308,-0.034349,0.000203,0.000000,0.000203,0.000000,0.000203,False,2025
port1170,89,Savannah,United States,Americas,-81.100520,32.104025,2017,9.809022,0.000000,0.000000,0.000000,0.000000,0.000000,0.000000,0.000000,0.000000,0.000000,0.000000,0.000000,0.000000,False,2017
port1170,89,Savannah,United States,Americas,-81.100520,32.104025,2018,9.933094,0.124072,0.086748,0.000000,0.086748,0.044121,0.006797,0.037324,0.130869,0.006797,0.124072,0.086748,0.037324,False,2018
port1170,89,Savannah,United States,Americas,-81.100520,32.104025,2019,10.252491,0.443469,0.213705,0.000000,0.213705,0.246293,0.016528,0.229765,0.329128,0.009731,0.319397,0.126957,0.192441,False,2019
port1170,89,Savannah,United States,Americas,-81.100520,32.104025,2020,10.423968,0.614946,0.298377,0.000000,0.298377,0.371085,0.054516,0.316569,0.210823,0.039346,0.171477,0.084672,0.086805,False,2020
port1170,89,Savannah,United States,Americas,-81.100520,32.104025,2021,10.428611,0.619589,0.314974,0.000000,0.314974,0.380811,0.076196,0.304615,0.026324,0.021680,0.004643,0.016597,-0.011954,False,2021
port1170,89,Savannah,United States,Americas,-81.100520,32.104025,2022,10.514990,0.705968,0.336071,0.000000,0.336071,0.447024,0.077126,0.369898,0.090601,0.004222,0.086379,0.021096,0.065282,False,2022
port1170,89,Savannah,United States,Americas,-81.100520,32.104025,2023,10.969298,1.160276,0.443430,0.000000,0.443430,0.791183,0.074337,0.716846,0.456526,0.002219,0.454307,0.107359,0.346948,False,2023
port1170,89,Savannah,United States,Americas,-81.100520,32.104025,2024,10.971660,1.162638,0.444647,0.000000,0.444647,0.792471,0.074480,0.717991,0.002505,0.000143,0.002362,0.001217,0.001145,False,2024
port1170,89,Savannah,United States,Americas,-81.100520,32.104025,2025,11.093174,1.284152,0.459097,0.000000,0.459097,0.899535,0.074480,0.825055,0.121515,0.000000,0.121515,0.014451,0.107064,False,2025
port494,90,Incheon,Korea,East Asia,126.620082,37.444358,2017,12.156695,0.000000,0.000000,0.000000,0.000000,0.000000,0.000000,0.000000,0.000000,0.000000,0.000000,0.000000,0.000000,False,2017
port494,90,Incheon,Korea,East Asia,126.620082,37.444358,2018,12.254843,0.098149,0.037264,0.000000,0.037264,0.257133,0.196248,0.060885,0.294396,0.196248,0.098149,0.037264,0.060885,False,2018
port494,90,Incheon,Korea,East Asia,126.620082,37.444358,2019,11.958001,-0.198694,0.037452,0.000000,0.037452,0.491520,0.727666,-0.236146,0.234576,0.531418,-0.296842,0.000189,-0.297031,False,2019
port494,90,Incheon,Korea,East Asia,126.620082,37.444358,2020,11.964096,-0.192598,0.037452,0.000000,0.037452,0.874030,1.104080,-0.230051,0.382824,0.376729,0.006095,0.000000,0.006095,False,2020
port494,90,Incheon,Korea,East Asia,126.620082,37.444358,2021,12.218552,0.061857,0.175408,0.000000,0.175408,1.113635,1.227186,-0.113551,0.379448,0.124993,0.254455,0.137956,0.116500,False,2021
port494,90,Incheon,Korea,East Asia,126.620082,37.444358,2022,13.278732,1.122037,0.174872,0.000000,0.174872,2.227325,1.280160,0.947165,1.233904,0.173723,1.060181,-0.000536,1.060716,False,2022
port494,90,Incheon,Korea,East Asia,126.620082,37.444358,2023,13.015023,0.858328,0.007346,0.000000,0.007346,2.185704,1.334722,0.850982,0.170794,0.434504,-0.263709,-0.167526,-0.096183,False,2023
port494,90,Incheon,Korea,East Asia,126.620082,37.444358,2024,12.663501,0.506806,0.006908,0.000000,0.006908,1.832922,1.333023,0.499898,0.083675,0.435197,-0.351522,-0.000438,-0.351084,False,2024
port494,90,Incheon,Korea,East Asia,126.620082,37.444358,2025,12.771633,0.614939,0.006908,0.000000,0.006908,1.940929,1.332898,0.608031,0.108132,0.000000,0.108132,0.000000,0.108132,False,2025
port883,91,Paradip,India,South Asia,86.648922,20.280453,2017,17.453548,0.000000,0.000000,0.000000,0.000000,0.000000,0.000000,0.000000,0.000000,0.000000,0.000000,0.000000,0.000000,False,2017
port883,91,Paradip,India,South Asia,86.648922,20.280453,2018,17.778085,0.324536,0.025032,0.000000,0.025032,0.419911,0.120407,0.299504,0.444943,0.120407,0.324536,0.025032,0.299504,False,2018
port883,91,Paradip,India,South Asia,86.648922,20.280453,2019,19.506554,2.053006,0.440484,0.000000,0.440484,1.800338,0.187816,1.612522,1.795879,0.067409,1.728470,0.415452,1.313018,False,2019
port883,91,Paradip,India,South Asia,86.648922,20.280453,2020,20.699692,3.246144,0.514468,0.000000,0.514468,2.938750,0.207074,2.731676,1.212396,0.019257,1.193138,0.073983,1.119155,False,2020
port883,91,Paradip,India,South Asia,86.648922,20.280453,2021,20.899539,3.445991,0.541433,0.000000,0.541433,3.117234,0.212677,2.904557,0.205449,0.005603,0.199846,0.026965,0.172881,False,2021
port883,91,Paradip,India,South Asia,86.648922,20.280453,2022,20.944455,3.490906,0.543534,0.000000,0.543534,3.164688,0.217316,2.947372,0.049556,0.004640,0.044916,0.002101,0.042815,False,2022
port883,91,Paradip,India,South Asia,86.648922,20.280453,2023,20.884127,3.430579,0.523395,0.000000,0.523395,3.355973,0.448789,2.907185,0.401843,0.462171,-0.060327,-0.020140,-0.040187,False,2023
port883,91,Paradip,India,South Asia,86.648922,20.280453,2024,21.825494,4.371946,0.567427,0.000000,0.567427,4.254095,0.449577,3.804518,0.943729,0.002363,0.941366,0.044033,0.897334,False,2024
port883,91,Paradip,India,South Asia,86.648922,20.280453,2025,21.896038,4.442490,0.610745,0.000000,0.610745,4.281322,0.449577,3.831745,0.070545,0.000000,0.070545,0.043318,0.027227,False,2025
port1071,92,Qinzhou,China,China,108.638323,21.678768,2017,18.930854,0.000000,0.000000,0.000000,0.000000,0.000000,0.000000,0.000000,0.000000,0.000000,0.000000,0.000000,0.000000,False,2017
port1071,92,Qinzhou,China,China,108.638323,21.678768,2018,18.713388,-0.217466,0.020444,0.000000,0.020444,0.055147,0.293057,-0.237911,0.075591,0.293057,-0.217466,0.020444,-0.237911,False,2018
port1071,92,Qinzhou,China,China,108.638323,21.678768,2019,19.382879,0.452024,0.033335,0.000000,0.033335,0.751518,0.332829,0.418689,0.709262,0.039771,0.669491,0.012891,0.656599,False,2019
port1071,92,Qinzhou,China,China,108.638323,21.678768,2020,21.930263,2.999409,0.186399,0.000000,0.186399,3.234443,0.421433,2.813010,2.636333,0.088948,2.547385,0.153064,2.394321,False,2020
port1071,92,Qinzhou,China,China,108.638323,21.678768,2021,23.581567,4.650713,0.568665,0.000000,0.568665,4.691087,0.609040,4.082047,1.866497,0.215194,1.651304,0.382266,1.269038,False,2021
port1071,92,Qinzhou,China,China,108.638323,21.678768,2022,28.186487,9.255633,1.355299,0.000000,1.355299,8.511866,0.611533,7.900333,4.806739,0.201819,4.604920,0.786634,3.818286,False,2022
port1071,92,Qinzhou,China,China,108.638323,21.678768,2023,29.805115,10.874260,1.631864,0.000000,1.631864,9.841568,0.599172,9.242397,1.623874,0.005247,1.618628,0.276564,1.342063,False,2023
port1071,92,Qinzhou,China,China,108.638323,21.678768,2024,33.554775,14.623921,2.241126,0.000000,2.241126,12.976296,0.593501,12.382795,3.749661,0.000000,3.749661,0.609262,3.140398,False,2024
port1071,92,Qinzhou,China,China,108.638323,21.678768,2025,33.863187,14.932333,2.355854,0.000000,2.355854,13.169722,0.593243,12.576479,0.308412,0.000000,0.308412,0.114728,0.193684,False,2025
port1305,93,Tokyo,Japan,East Asia,139.792578,35.606071,2017,16.593167,0.000000,0.000000,0.000000,0.000000,0.000000,0.000000,0.000000,0.000000,0.000000,0.000000,0.000000,0.000000,False,2017
port1305,93,Tokyo,Japan,East Asia,139.792578,35.606071,2018,16.600113,0.006946,0.000000,0.000000,0.000000,0.202225,0.195280,0.006946,0.202225,0.195280,0.006946,0.000000,0.006946,False,2018
port1305,93,Tokyo,Japan,East Asia,139.792578,35.606071,2019,16.330740,-0.262427,0.000000,0.000000,0.000000,0.563357,0.825784,-0.262427,0.361132,0.630504,-0.269372,0.000000,-0.269372,False,2019
port1305,93,Tokyo,Japan,East Asia,139.792578,35.606071,2020,16.375198,-0.217969,0.000066,0.000000,0.000066,0.670072,0.888107,-0.218035,0.106913,0.062455,0.044458,0.000066,0.044392,False,2020
port1305,93,Tokyo,Japan,East Asia,139.792578,35.606071,2021,16.513339,-0.079829,0.000198,0.000000,0.000198,0.813885,0.893912,-0.080027,0.144143,0.006003,0.138141,0.000132,0.138009,False,2021
port1305,93,Tokyo,Japan,East Asia,139.792578,35.606071,2022,16.717095,0.123928,0.000330,0.000000,0.000330,1.026938,0.903341,0.123597,0.213318,0.009562,0.203756,0.000132,0.203624,False,2022
port1305,93,Tokyo,Japan,East Asia,139.792578,35.606071,2023,16.713381,0.120214,0.000330,0.000000,0.000330,1.046005,0.926121,0.119884,0.019924,0.023637,-0.003714,0.000000,-0.003714,False,2023
port1305,93,Tokyo,Japan,East Asia,139.792578,35.606071,2024,16.730926,0.137759,0.000396,0.000000,0.000396,1.063484,0.926121,0.137362,0.017545,0.000000,0.017545,0.000066,0.017479,False,2024
port1305,93,Tokyo,Japan,East Asia,139.792578,35.606071,2025,16.814341,0.221174,0.000396,0.000000,0.000396,1.146701,0.925923,0.220778,0.083415,0.000000,0.083415,0.000000,0.083415,False,2025
port699,94,Manzanillo,Mexico,Americas,-104.287661,19.056267,2017,3.973821,0.000000,0.000000,0.000000,0.000000,0.000000,0.000000,0.000000,0.000000,0.000000,0.000000,0.000000,0.000000,False,2017
port699,94,Manzanillo,Mexico,Americas,-104.287661,19.056267,2018,4.009511,0.035689,0.000267,0.000000,0.000267,0.332691,0.297268,0.035423,0.332957,0.297268,0.035689,0.000267,0.035423,False,2018
port699,94,Manzanillo,Mexico,Americas,-104.287661,19.056267,2019,4.205151,0.231329,0.001866,0.000000,0.001866,0.663511,0.434048,0.229463,0.332420,0.136780,0.195640,0.001599,0.194041,False,2019
port699,94,Manzanillo,Mexico,Americas,-104.287661,19.056267,2020,4.215245,0.241423,0.002577,0.000000,0.002577,0.708634,0.469788,0.238847,0.046011,0.035917,0.010094,0.000711,0.009383,False,2020
port699,94,Manzanillo,Mexico,Americas,-104.287661,19.056267,2021,4.354061,0.380240,0.009951,0.000000,0.009951,0.841232,0.470943,0.370289,0.139972,0.001155,0.138816,0.007374,0.131442,False,2021
port699,94,Manzanillo,Mexico,Americas,-104.287661,19.056267,2022,4.508421,0.534599,0.009951,0.000000,0.009951,0.995680,0.471032,0.524649,0.154448,0.000089,0.154359,0.000000,0.154359,False,2022
port699,94,Manzanillo,Mexico,Americas,-104.287661,19.056267,2023,4.561377,0.587555,0.022390,0.000000,0.022390,1.036109,0.470943,0.565166,0.052956,0.000000,0.052956,0.012439,0.040517,False,2023
port699,94,Manzanillo,Mexico,Americas,-104.287661,19.056267,2024,4.613969,0.640147,0.029498,0.000000,0.029498,1.081504,0.470854,0.610649,0.052592,0.000000,0.052592,0.007108,0.045484,False,2024
port699,94,Manzanillo,Mexico,Americas,-104.287661,19.056267,2025,4.660972,0.687151,0.040160,0.000000,0.040160,1.117845,0.470854,0.646990,0.047003,0.000000,0.047003,0.010662,0.036341,False,2025
port1020,95,Primorsk,Russian Federation,Europe,28.731191,60.336941,2017,1.174898,0.000000,0.000000,0.000000,0.000000,0.000000,0.000000,0.000000,0.000000,0.000000,0.000000,0.000000,0.000000,False,2017
port1020,95,Primorsk,Russian Federation,Europe,28.731191,60.336941,2018,1.171924,-0.002973,0.000000,0.000000,0.000000,0.000590,0.003563,-0.002973,0.000590,0.003563,-0.002973,0.000000,-0.002973,False,2018
port1020,95,Primorsk,Russian Federation,Europe,28.731191,60.336941,2019,1.175289,0.000391,0.000000,0.000000,0.000000,0.013420,0.013028,0.000391,0.012830,0.009465,0.003365,0.000000,0.003365,False,2019
port1020,95,Primorsk,Russian Federation,Europe,28.731191,60.336941,2020,1.175138,0.000241,0.008775,0.000000,0.008775,0.017844,0.026378,-0.008535,0.013199,0.013350,-0.000151,0.008775,-0.008926,False,2020
port1020,95,Primorsk,Russian Federation,Europe,28.731191,60.336941,2021,1.189250,0.014353,0.010127,0.000000,0.010127,0.038247,0.034021,0.004225,0.026917,0.012805,0.014112,0.001352,0.012760,False,2021
port1020,95,Primorsk,Russian Federation,Europe,28.731191,60.336941,2022,1.177006,0.002108,0.010127,0.000000,0.010127,0.039277,0.047296,-0.008019,0.001965,0.014209,-0.012244,0.000000,-0.012244,False,2022
port1020,95,Primorsk,Russian Federation,Europe,28.731191,60.336941,2023,1.150121,-0.024777,0.008898,0.000000,0.008898,0.026648,0.060323,-0.033675,0.001180,0.028065,-0.026885,-0.001229,-0.025656,False,2023
port1020,95,Primorsk,Russian Federation,Europe,28.731191,60.336941,2024,1.156683,-0.018214,0.006907,0.000000,0.006907,0.035958,0.061079,-0.025121,0.021015,0.014452,0.006563,-0.001991,0.008554,False,2024
port1020,95,Primorsk,Russian Federation,Europe,28.731191,60.336941,2025,1.160444,-0.014454,0.006907,0.000000,0.006907,0.037777,0.059138,-0.021361,0.003760,0.000000,0.003760,0.000000,0.003760,False,2025
port1133,96,Saldanha Bay,South Africa,Sub-Saharan Africa,18.007713,-32.997781,2017,3.813095,0.000000,0.000000,0.000000,0.000000,0.000000,0.000000,0.000000,0.000000,0.000000,0.000000,0.000000,0.000000,False,2017
port1133,96,Saldanha Bay,South Africa,Sub-Saharan Africa,18.007713,-32.997781,2018,3.830422,0.017327,0.000000,0.000000,0.000000,0.018028,0.000701,0.017327,0.018028,0.000701,0.017327,0.000000,0.017327,False,2018
port1133,96,Saldanha Bay,South Africa,Sub-Saharan Africa,18.007713,-32.997781,2019,3.886456,0.073361,0.000000,0.000000,0.000000,0.106205,0.032844,0.073361,0.088177,0.032143,0.056034,0.000000,0.056034,False,2019
port1133,96,Saldanha Bay,South Africa,Sub-Saharan Africa,18.007713,-32.997781,2020,3.885824,0.072729,0.000000,0.000000,0.000000,0.107748,0.035020,0.072729,0.001543,0.002175,-0.000632,0.000000,-0.000632,False,2020
port1133,96,Saldanha Bay,South Africa,Sub-Saharan Africa,18.007713,-32.997781,2021,3.859682,0.046587,0.000000,0.000000,0.000000,0.121499,0.074913,0.046587,0.014523,0.040665,-0.026142,0.000000,-0.026142,False,2021
port1133,96,Saldanha Bay,South Africa,Sub-Saharan Africa,18.007713,-32.997781,2022,3.852230,0.039135,0.000070,0.000000,0.000070,0.150504,0.111439,0.039065,0.036440,0.043892,-0.007452,0.000070,-0.007522,False,2022
port1133,96,Saldanha Bay,South Africa,Sub-Saharan Africa,18.007713,-32.997781,2023,3.913531,0.100435,0.000070,0.000000,0.000070,0.273851,0.173486,0.100365,0.126993,0.065692,0.061300,0.000000,0.061300,False,2023
port1133,96,Saldanha Bay,South Africa,Sub-Saharan Africa,18.007713,-32.997781,2024,3.916057,0.102962,0.000070,0.000000,0.000070,0.273851,0.170960,0.102892,0.002526,0.000000,0.002526,0.000000,0.002526,False,2024
port1133,96,Saldanha Bay,South Africa,Sub-Saharan Africa,18.007713,-32.997781,2025,3.916057,0.102962,0.000070,0.000000,0.000070,0.273851,0.170960,0.102892,0.000000,0.000000,0.000000,0.000000,0.000000,False,2025
port1348,97,Valencia,Spain,Europe,-0.322345,39.442210,2017,5.414791,0.000000,0.000000,0.000000,0.000000,0.000000,0.000000,0.000000,0.000000,0.000000,0.000000,0.000000,0.000000,False,2017
port1348,97,Valencia,Spain,Europe,-0.322345,39.442210,2018,5.425093,0.010302,0.003751,0.000000,0.003751,0.009885,0.003334,0.006550,0.013636,0.003334,0.010302,0.003751,0.006550,False,2018
port1348,97,Valencia,Spain,Europe,-0.322345,39.442210,2019,5.394445,-0.020346,0.003870,0.000000,0.003870,0.027870,0.052086,-0.024216,0.018104,0.048751,-0.030647,0.000119,-0.030766,False,2019
port1348,97,Valencia,Spain,Europe,-0.322345,39.442210,2020,5.481295,0.066504,0.003870,0.000000,0.003870,0.119248,0.056614,0.062633,0.091378,0.004529,0.086850,0.000000,0.086850,False,2020
port1348,97,Valencia,Spain,Europe,-0.322345,39.442210,2021,5.486776,0.071985,0.003870,0.000000,0.003870,0.126873,0.058758,0.068115,0.007744,0.002263,0.005481,0.000000,0.005481,False,2021
port1348,97,Valencia,Spain,Europe,-0.322345,39.442210,2022,5.491363,0.076572,0.003870,0.000000,0.003870,0.132055,0.059353,0.072702,0.005182,0.000595,0.004587,0.000000,0.004587,False,2022
port1348,97,Valencia,Spain,Europe,-0.322345,39.442210,2023,5.523168,0.108377,0.003870,0.000000,0.003870,0.164038,0.059532,0.104507,0.032043,0.000238,0.031805,0.000000,0.031805,False,2023
port1348,97,Valencia,Spain,Europe,-0.322345,39.442210,2024,5.710670,0.295879,0.003870,0.000000,0.003870,0.352969,0.060961,0.292008,0.198872,0.011371,0.187502,0.000000,0.187502,False,2024
port1348,97,Valencia,Spain,Europe,-0.322345,39.442210,2025,5.714779,0.299988,0.003870,0.000000,0.003870,0.357079,0.060961,0.296118,0.004110,0.000000,0.004110,0.000000,0.004110,False,2025
port1067,98,Pyeongtaek,Korea,East Asia,126.784628,36.975128,2017,18.857929,0.000000,0.000000,0.000000,0.000000,0.000000,0.000000,0.000000,0.000000,0.000000,0.000000,0.000000,0.000000,False,2017
port1067,98,Pyeongtaek,Korea,East Asia,126.784628,36.975128,2018,18.845828,-0.012101,0.000191,0.000000,0.000191,0.006117,0.018409,-0.012292,0.006308,0.018409,-0.012101,0.000191,-0.012292,False,2018
port1067,98,Pyeongtaek,Korea,East Asia,126.784628,36.975128,2019,18.996139,0.138210,0.003952,0.000000,0.003952,0.184005,0.049747,0.134258,0.181649,0.031338,0.150311,0.003761,0.146550,False,2019
port1067,98,Pyeongtaek,Korea,East Asia,126.784628,36.975128,2020,18.972692,0.114763,0.004461,0.000000,0.004461,0.197828,0.087526,0.110302,0.014333,0.037779,-0.023447,0.000509,-0.023956,False,2020
port1067,98,Pyeongtaek,Korea,East Asia,126.784628,36.975128,2021,18.937281,0.079352,0.005035,0.000000,0.005035,0.210369,0.136052,0.074317,0.013115,0.048525,-0.035411,0.000574,-0.035985,False,2021
port1067,98,Pyeongtaek,Korea,East Asia,126.784628,36.975128,2022,19.065564,0.207635,0.005098,0.000000,0.005098,0.389120,0.186583,0.202536,0.181109,0.052826,0.128283,0.000064,0.128219,False,2022
port1067,98,Pyeongtaek,Korea,East Asia,126.784628,36.975128,2023,19.216586,0.358658,0.042840,0.000000,0.042840,0.505652,0.189835,0.315818,0.155741,0.004718,0.151023,0.037741,0.113281,False,2023
port1067,98,Pyeongtaek,Korea,East Asia,126.784628,36.975128,2024,19.444309,0.586380,0.154875,0.000000,0.154875,0.620320,0.188816,0.431504,0.228360,0.000638,0.227722,0.112035,0.115687,False,2024
port1067,98,Pyeongtaek,Korea,East Asia,126.784628,36.975128,2025,19.470125,0.612196,0.155704,0.000000,0.155704,0.645307,0.188816,0.456491,0.025816,0.000000,0.025816,0.000829,0.024987,False,2025
port777,99,Mundra,India,South Asia,69.622019,22.762970,2017,16.673687,0.000000,0.000000,0.000000,0.000000,0.000000,0.000000,0.000000,0.000000,0.000000,0.000000,0.000000,0.000000,False,2017
port777,99,Mundra,India,South Asia,69.622019,22.762970,2018,16.276241,-0.397447,0.001016,0.000000,0.001016,0.115983,0.514445,-0.398463,0.116999,0.514445,-0.397447,0.001016,-0.398463,False,2018
port777,99,Mundra,India,South Asia,69.622019,22.762970,2019,16.164096,-0.509591,0.001185,0.000000,0.001185,0.135708,0.646484,-0.510777,0.019894,0.132039,-0.112145,0.000169,-0.112314,False,2019
port777,99,Mundra,India,South Asia,69.622019,22.762970,2020,16.302032,-0.371656,0.004994,0.000000,0.004994,0.271696,0.648346,-0.376650,0.139798,0.001862,0.137936,0.003809,0.134127,False,2020
port777,99,Mundra,India,South Asia,69.622019,22.762970,2021,16.676366,0.002679,0.011006,0.000000,0.011006,0.694990,0.703317,-0.008327,0.432014,0.057680,0.374334,0.006011,0.368323,False,2021
port777,99,Mundra,India,South Asia,69.622019,22.762970,2022,16.727504,0.053817,0.048171,0.000000,0.048171,0.777139,0.771493,0.005646,0.182553,0.131415,0.051138,0.037165,0.013973,False,2022
port777,99,Mundra,India,South Asia,69.622019,22.762970,2023,16.972562,0.298875,0.160261,0.000000,0.160261,0.915348,0.776734,0.138614,0.253262,0.008204,0.245058,0.112090,0.132968,False,2023
port777,99,Mundra,India,South Asia,69.622019,22.762970,2024,18.978710,2.305022,0.179479,0.000000,0.179479,2.893649,0.768105,2.125544,2.072004,0.065856,2.006148,0.019218,1.986930,False,2024
port777,99,Mundra,India,South Asia,69.622019,22.762970,2025,19.453207,2.779519,0.179817,0.000000,0.179817,3.367300,0.767598,2.599702,0.474497,0.000000,0.474497,0.000339,0.474158,False,2025
port2112,100,Zhuhai,China,China,113.200731,21.949359,2017,11.894335,0.000000,0.000000,0.000000,0.000000,0.000000,0.000000,0.000000,0.000000,0.000000,0.000000,0.000000,0.000000,False,2017
port2112,100,Zhuhai,China,China,113.200731,21.949359,2018,12.063924,0.169589,0.025949,0.000000,0.025949,0.187136,0.043496,0.143639,0.213085,0.043496,0.169589,0.025949,0.143639,False,2018
port2112,100,Zhuhai,China,China,113.200731,21.949359,2019,12.378829,0.484494,0.026120,0.000000,0.026120,0.564922,0.106548,0.458374,0.377958,0.063052,0.314906,0.000171,0.314734,False,2019
port2112,100,Zhuhai,China,China,113.200731,21.949359,2020,12.603554,0.709219,0.041707,0.000000,0.041707,0.777401,0.109889,0.667512,0.228066,0.003341,0.224725,0.015587,0.209138,False,2020
port2112,100,Zhuhai,China,China,113.200731,21.949359,2021,12.850935,0.956600,0.042049,0.000000,0.042049,1.025382,0.110831,0.914551,0.249521,0.002140,0.247381,0.000342,0.247039,False,2021
port2112,100,Zhuhai,China,China,113.200731,21.949359,2022,13.506239,1.611904,0.046328,0.000000,0.046328,1.679576,0.113999,1.565576,0.658472,0.003168,0.655304,0.004278,0.651026,False,2022
port2112,100,Zhuhai,China,China,113.200731,21.949359,2023,13.601623,1.707288,0.046328,0.000000,0.046328,1.792500,0.131540,1.660960,0.125599,0.030215,0.095384,0.000000,0.095384,False,2023
port2112,100,Zhuhai,China,China,113.200731,21.949359,2024,12.852951,0.958616,0.042135,0.000000,0.042135,1.598279,0.681798,0.916481,0.008475,0.757147,-0.748672,-0.004193,-0.744479,False,2024
port2112,100,Zhuhai,China,China,113.200731,21.949359,2025,13.018136,1.123801,0.042735,0.000000,0.042735,1.762523,0.681456,1.081067,0.165185,0.000000,0.165185,0.000599,0.164586,False,2025
